pro_comm,n_prophages,n_distinct_hosts,n_bac_communities,bac_communities,always_systems,n_sig_systems
PRO_com_74,57,57,23,"BAC_com_129,BAC_com_131,BAC_com_132,BAC_com_133,BAC_com_143,BAC_com_154,BAC_com_155,BAC_com_169,BAC_com_171,BAC_com_2,BAC_com_207,BAC_com_21,BAC_com_31,BAC_com_32,BAC_com_34,BAC_com_45,BAC_com_55,BAC_com_67,BAC_com_77,BAC_com_80,BAC_com_84,BAC_com_91,BAC_com_95","CRISPR-Cas:CAS_Class1-IV,Gabija:Gabija,Other:DMS_other,Other:PDC-S07,Thoeris:Theoris_other",21
PRO_com_140,14,14,8,"BAC_com_112,BAC_com_156,BAC_com_165,BAC_com_211,BAC_com_37,BAC_com_41,BAC_com_46,BAC_com_87","CRISPR-Cas:CAS_Class1-IV,Gabija:Gabija,Other:DMS_other,Other:PDC-S04,Other:PDC-S07,Other:PDC-S14,PD-T4-6:PD-T4-6,RM:RM_I,RM:RM_II,Thoeris:Theoris_other",18
PRO_com_212,17,17,6,"BAC_com_129,BAC_com_159,BAC_com_2,BAC_com_77,BAC_com_91,BAC_com_92","CRISPR-Cas:CAS_Class1-IV,DRT:DRT_other,Gabija:Gabija,Other:DMS_other,Other:PDC-S07,PD-T4-6:PD-T4-6,RM:RM_II,Thoeris:Theoris_other",11
PRO_com_80,11,11,6,"BAC_com_117,BAC_com_134,BAC_com_20,BAC_com_21,BAC_com_45,BAC_com_56","CRISPR-Cas:CAS_Class1-IV,DRT:DRT_other,Gabija:Gabija,Other:DMS_other,Other:PDC-S07,PD-T4-6:PD-T4-6,RM:RM_II,RM:RM_IV,Thoeris:Theoris_other",10
PRO_com_30,17,17,5,"BAC_com_150,BAC_com_199,BAC_com_20,BAC_com_3,BAC_com_37","CRISPR-Cas:CAS_Class1-IV,DRT:DRT_other,Gabija:Gabija,Other:DMS_other,Other:PDC-S04,Other:PDC-S07,PD-T4-6:PD-T4-6,RM:RM_I,RM:RM_IIG,Thoeris:Theoris_other",19
PRO_com_4,713,713,4,"BAC_com_122,BAC_com_153,BAC_com_2,BAC_com_3","Other:DMS_other,PD-T4-6:PD-T4-6,RM:RM_I,RM:RM_IV",68
PRO_com_65,82,82,4,"BAC_com_2,BAC_com_34,BAC_com_5,BAC_com_64","CRISPR-Cas:CAS_Class1-IV,DRT:DRT_other,Gabija:Gabija,Other:DMS_other,Other:PDC-S07,PD-T4-6:PD-T4-6,RM:RM_II,RM:RM_IV,Thoeris:Theoris_other",21
PRO_com_57,67,67,4,"BAC_com_2,BAC_com_23,BAC_com_3,BAC_com_5","CRISPR-Cas:CAS_Class1-IV,Gabija:Gabija,Other:DMS_other,Other:PDC-S07,PD-T4-6:PD-T4-6,RM:RM_II,RM:RM_IV",17
PRO_com_183,28,28,4,"BAC_com_1,BAC_com_126,BAC_com_188,BAC_com_72","DRT:DRT_other,Gabija:Gabija,Other:DMS_other,Other:PDC-S07,PD-T4-6:PD-T4-6,RM:RM_II,RM:RM_IV,Thoeris:Theoris_other",15
PRO_com_18,16,16,4,"BAC_com_118,BAC_com_21,BAC_com_26,BAC_com_9","AbiE:AbiE,CRISPR-Cas:CAS_Class1-IV,DRT:DRT_other,Gabija:Gabija,Other:DMS_other,Other:PDC-S07,PD-T4-6:PD-T4-6,RM:RM_II,RM:RM_IV,Thoeris:Theoris_other",11
PRO_com_69,13,13,4,"BAC_com_123,BAC_com_28,BAC_com_34,BAC_com_43","CRISPR-Cas:CAS_Class1-IV,DRT:DRT_other,Gabija:Gabija,Other:DMS_other,Other:PDC-S07,PD-T4-6:PD-T4-6,RM:RM_II,RM:RM_IV,Thoeris:Theoris_other",16
PRO_com_295,7,7,4,"BAC_com_114,BAC_com_120,BAC_com_194,BAC_com_198","AbiE:AbiE,CRISPR-Cas:CAS_Class1-IV,DRT:DRT_other,Gabija:Gabija,MazEF:MazEF,Other:DMS_other,Other:PDC-S04,Other:PDC-S05,Other:PDC-S07,Other:PDC-S14,PD-T4-6:PD-T4-6,PD-T4-9:PD-T4-9,RM:RM_I,RM:RM_IIG,RM:RM_III,RM:RM_IV,SoFIC:SoFIC,Thoeris:Theoris_other,type_unresolved:subtype_unresolved",15
PRO_com_315,7,7,4,"BAC_com_120,BAC_com_194,BAC_com_196,BAC_com_198","AbiE:AbiE,CRISPR-Cas:CAS_Class1-IV,DRT:DRT_other,Gabija:Gabija,MazEF:MazEF,Other:DMS_other,Other:PDC-M24,Other:PDC-S04,Other:PDC-S05,Other:PDC-S07,Other:PDC-S13,Other:PDC-S14,Other:PDC-S47,PD-T4-6:PD-T4-6,PD-T4-9:PD-T4-9,RM:RM_I,RM:RM_IIG,RM:RM_III,RM:RM_IV,SoFIC:SoFIC,Thoeris:Theoris_other,type_unresolved:subtype_unresolved",14
PRO_com_90,7,6,4,"BAC_com_202,BAC_com_29,BAC_com_35,BAC_com_5","AbiE:AbiE,CRISPR-Cas:CAS_Class1-IV,DRT:DRT_other,Gabija:Gabija,Other:DMS_other,Other:PDC-S04,Other:PDC-S07,PD-T4-6:PD-T4-6,Paris:Paris,RM:RM_I,RM:RM_II,RM:RM_III,RM:RM_IV,SoFIC:SoFIC,Thoeris:Theoris_other",3
PRO_com_81,5,5,4,"BAC_com_134,BAC_com_167,BAC_com_21,BAC_com_64","Abi2DF:Abi2DF,AbiE:AbiE,CRISPR-Cas:CAS_Class1-IV,DRT:DRT_other,Gabija:Gabija,Other:DMS_other,Other:PDC-S05,Other:PDC-S07,PD-T4-6:PD-T4-6,RM:RM_II,RM:RM_IV,Thoeris:Theoris_other",4
PRO_com_62,53,41,3,"BAC_com_0,BAC_com_2,BAC_com_5","CRISPR-Cas:CAS_Class1-IV,DRT:DRT_other,Gabija:Gabija,Other:DMS_other,Other:PDC-S07,PD-Lambda-1:PD-Lambda-1,PD-T4-6:PD-T4-6,RM:RM_I,RM:RM_IV,Thoeris:Theoris_other",12
PRO_com_111,38,38,3,"BAC_com_2,BAC_com_3,BAC_com_5","DRT:DRT_other,Gabija:Gabija,Other:DMS_other,Other:PDC-S04,Other:PDC-S07,PD-T4-6:PD-T4-6,RM:RM_I,Thoeris:Theoris_other",16
PRO_com_48,17,17,3,"BAC_com_19,BAC_com_34,BAC_com_66","Abi2DF:Abi2DF,CRISPR-Cas:CAS_Class1-IV,DRT:DRT_other,Gabija:Gabija,Other:DMS_other,Other:PDC-S07,Other:PDC-S73,PD-T4-6:PD-T4-6,RM:RM_I,RM:RM_IV,Thoeris:Theoris_other",16
PRO_com_73,15,15,3,"BAC_com_29,BAC_com_37,BAC_com_50","Abi2DF:Abi2DF,AbiE:AbiE,CRISPR-Cas:CAS_Class1-IV,DRT:DRT_other,Gabija:Gabija,Other:DMS_other,Other:PDC-S04,Other:PDC-S07,Other:PDC-S13,Other:PDC-S14,PD-T4-6:PD-T4-6,RM:RM_I,RM:RM_II,RM:RM_IIG,RM:RM_IV,SoFIC:SoFIC,Thoeris:Theoris_other,type_unresolved:subtype_unresolved",19
PRO_com_278,11,11,3,"BAC_com_126,BAC_com_134,BAC_com_64","Abi2DF:Abi2DF,CRISPR-Cas:CAS_Class1-IV,DRT:DRT_other,Gabija:Gabija,Other:DMS_other,Other:PDC-S04,Other:PDC-S07,PD-T4-6:PD-T4-6,RM:RM_II,RM:RM_IV,Thoeris:Theoris_other",12
PRO_com_314,6,6,3,"BAC_com_120,BAC_com_194,BAC_com_198","AbiE:AbiE,CRISPR-Cas:CAS_Class1-IV,DRT:DRT_other,Gabija:Gabija,MazEF:MazEF,Other:DMS_other,Other:PDC-M24,Other:PDC-S04,Other:PDC-S05,Other:PDC-S07,Other:PDC-S13,Other:PDC-S14,Other:PDC-S47,PD-T4-6:PD-T4-6,PD-T4-9:PD-T4-9,RM:RM_I,RM:RM_IIG,RM:RM_III,RM:RM_IV,SoFIC:SoFIC,Thoeris:Theoris_other,type_unresolved:subtype_unresolved",14
PRO_com_46,6,6,3,"BAC_com_19,BAC_com_32,BAC_com_5","AbiE:AbiE,CRISPR-Cas:CAS_Class1-IV,DRT:DRT_other,Gabija:Gabija,Other:DMS_other,Other:PDC-S04,Other:PDC-S07,PD-T4-6:PD-T4-6,RM:RM_IV,Thoeris:Theoris_other",6
PRO_com_313,5,5,3,"BAC_com_16,BAC_com_204,BAC_com_73","CRISPR-Cas:CAS_Class1-IV,DRT:DRT_other,Gabija:Gabija,Lamassu:Lamassu,Other:DMS_other,Other:PDC-S07,PD-T4-6:PD-T4-6,RM:RM_I,RM:RM_II,RM:RM_IV,Thoeris:Theoris_other,type_unresolved:subtype_unresolved",2
PRO_com_153,4,4,3,"BAC_com_166,BAC_com_169,BAC_com_55","CRISPR-Cas:CAS_Class1-IV,DRT:DRT_other,Gabija:Gabija,Other:DMS_other,Other:PDC-S04,Other:PDC-S05,Other:PDC-S07,PD-T4-6:PD-T4-6,RM:RM_II,RM:RM_IV,Thoeris:Theoris_other",1
PRO_com_150,3,3,3,"BAC_com_49,BAC_com_50,BAC_com_58","AbiE:AbiE,CRISPR-Cas:CAS_Class1-IV,DRT:DRT_other,Gabija:Gabija,Other:DMS_other,Other:PDC-S04,Other:PDC-S07,Other:PDC-S14,PD-T4-6:PD-T4-6,RM:RM_I,RM:RM_II,RM:RM_III,SoFIC:SoFIC,Thoeris:Theoris_other,type_unresolved:subtype_unresolved",2
PRO_com_170,3,3,3,"BAC_com_131,BAC_com_34,BAC_com_84","CRISPR-Cas:CAS_Class1-IV,DRT:DRT_other,Gabija:Gabija,Other:DMS_other,Other:PDC-S04,Other:PDC-S07,PD-T4-6:PD-T4-6,RM:RM_I,RM:RM_II,RM:RM_IV,Thoeris:Theoris_other",0
PRO_com_5,203,195,2,"BAC_com_2,BAC_com_3","Gabija:Gabija,Other:DMS_other,Other:PDC-S07,PD-T4-6:PD-T4-6,RM:RM_I,RM:RM_IV",34
PRO_com_38,72,72,2,"BAC_com_3,BAC_com_5","CRISPR-Cas:CAS_Class1-IV,Gabija:Gabija,Other:DMS_other,Other:PDC-S04,Other:PDC-S07,PD-T4-6:PD-T4-6,RM:RM_I,RM:RM_IV,Thoeris:Theoris_other",19
PRO_com_189,33,33,2,"BAC_com_2,BAC_com_3","Abi2DF:Abi2DF,CRISPR-Cas:CAS_Class1-IV,Gabija:Gabija,Other:DMS_other,Other:PDC-S04,Other:PDC-S07,PD-T4-6:PD-T4-6,RM:RM_I,RM:RM_II,RM:RM_III,RM:RM_IV,RosmerTA:RosmerTA,Thoeris:Theoris_other",19
PRO_com_82,18,18,2,"BAC_com_32,BAC_com_34","CRISPR-Cas:CAS_Class1-IV,DRT:DRT_other,Gabija:Gabija,Other:DMS_other,Other:PDC-S07,Other:PDC-S22,PD-T4-6:PD-T4-6,RM:RM_II,RM:RM_IV,Thoeris:Theoris_other",17
PRO_com_108,16,16,2,"BAC_com_2,BAC_com_5","AbiE:AbiE,CRISPR-Cas:CAS_Class1-IV,DRT:DRT_other,Gabija:Gabija,Other:DMS_other,Other:PDC-S04,Other:PDC-S05,Other:PDC-S07,PD-T4-6:PD-T4-6,RM:RM_I,RM:RM_II,RM:RM_III,RM:RM_IV,Thoeris:Theoris_other",10
PRO_com_254,16,16,2,"BAC_com_3,BAC_com_90","AbiE:AbiE,CRISPR-Cas:CAS_Class1-IV,Gabija:Gabija,Other:DMS_other,Other:PDC-S04,Other:PDC-S07,PD-T4-6:PD-T4-6,RM:RM_I,RM:RM_IV,RosmerTA:RosmerTA,Thoeris:Theoris_other",9
PRO_com_131,11,11,2,"BAC_com_2,BAC_com_5","CRISPR-Cas:CAS_Class1-IV,DRT:DRT_other,Gabija:Gabija,Other:DMS_other,Other:PDC-S04,Other:PDC-S07,PD-T4-6:PD-T4-6,RM:RM_I,RM:RM_II,RM:RM_III,RM:RM_IV,Thoeris:Theoris_other",4
PRO_com_113,7,7,2,"BAC_com_2,BAC_com_5","CRISPR-Cas:CAS_Class1-IV,DRT:DRT_other,Gabija:Gabija,Other:DMS_other,Other:PDC-S04,Other:PDC-S07,PD-T4-6:PD-T4-6,RM:RM_I,RM:RM_II,RM:RM_III,RM:RM_IV,Thoeris:Theoris_other",0
PRO_com_292,7,7,2,"BAC_com_113,BAC_com_123","CRISPR-Cas:CAS_Class1-IV,DRT:DRT_other,Gabija:Gabija,Other:DMS_other,Other:PDC-S07,PD-T4-6:PD-T4-6,RM:RM_II,RM:RM_III,RM:RM_IV,Thoeris:Theoris_other",10
PRO_com_110,6,6,2,"BAC_com_2,BAC_com_5","CRISPR-Cas:CAS_Class1-IV,DRT:DRT_other,Gabija:Gabija,Other:DMS_other,Other:PDC-S04,Other:PDC-S07,PD-T4-6:PD-T4-6,RM:RM_I,RM:RM_II,RM:RM_III,RM:RM_IV,Thoeris:Theoris_other",6
PRO_com_119,6,6,2,"BAC_com_2,BAC_com_5","Abi2DF:Abi2DF,CRISPR-Cas:CAS_Class1-IV,DRT:DRT_other,Gabija:Gabija,Other:DMS_other,Other:PDC-S04,Other:PDC-S07,PD-Lambda-1:PD-Lambda-1,PD-T4-6:PD-T4-6,RM:RM_I,RM:RM_II,RM:RM_III,RM:RM_IV,Thoeris:Theoris_other",4
PRO_com_151,6,6,2,"BAC_com_107,BAC_com_52","CRISPR-Cas:CAS_Class1-IV,DRT:DRT_other,Gabija:Gabija,Other:DMS_other,Other:PDC-S04,Other:PDC-S05,Other:PDC-S07,PD-T4-6:PD-T4-6,RM:RM_I,RM:RM_II,RM:RM_III,Thoeris:Theoris_other",6
PRO_com_19,6,6,2,"BAC_com_66,BAC_com_9","Abi2DF:Abi2DF,AbiE:AbiE,CRISPR-Cas:CAS_Class1-IV,DRT:DRT_other,Gabija:Gabija,Other:DMS_other,Other:PDC-S04,Other:PDC-S07,Other:PDC-S73,PD-T4-6:PD-T4-6,RM:RM_I,RM:RM_IV,Thoeris:Theoris_other",8
PRO_com_343,6,6,2,"BAC_com_123,BAC_com_203","Abi2DF:Abi2DF,CRISPR-Cas:CAS_Class1-IV,DRT:DRT_other,Gabija:Gabija,Other:DMS_other,Other:PDC-S04,Other:PDC-S07,PD-T4-6:PD-T4-6,RM:RM_I,RM:RM_II,RM:RM_IV,Thoeris:Theoris_other",4
PRO_com_269,5,5,2,"BAC_com_107,BAC_com_117","CRISPR-Cas:CAS_Class1-IV,DRT:DRT_other,Gabija:Gabija,Other:DMS_other,Other:PDC-S04,Other:PDC-S07,Other:PDC-S30,PD-T4-6:PD-T4-6,RM:RM_II,RM:RM_III,RM:RM_IV,Thoeris:Theoris_other",4
PRO_com_370,5,5,2,"BAC_com_2,BAC_com_5","CRISPR-Cas:CAS_Class1-IV,DRT:DRT_other,Gabija:Gabija,Other:DMS_other,Other:PDC-S04,Other:PDC-S07,PD-T4-6:PD-T4-6,RM:RM_I,RM:RM_II,RM:RM_III,RM:RM_IV,Thoeris:Theoris_other",1
PRO_com_387,5,5,2,"BAC_com_143,BAC_com_48","Abi2DF:Abi2DF,AbiE:AbiE,AbiH:AbiH,AbiN:AbiN,CRISPR-Cas:CAS_Class1-IV,DRT:DRT_other,Gabija:Gabija,MazEF:MazEF,Other:DMS_other,Other:PDC-M11,Other:PDC-S04,Other:PDC-S07,PD-T4-6:PD-T4-6,Paris:Paris,RM:RM_I,RM:RM_II,RM:RM_IIG,RM:RM_III,RM:RM_IV,RnlAB:RnlAB,SoFIC:SoFIC,Thoeris:Theoris_other,type_unresolved:subtype_unresolved",11
PRO_com_438,5,5,2,"BAC_com_2,BAC_com_45","CRISPR-Cas:CAS_Class1-IV,DRT:DRT_other,Gabija:Gabija,Other:DMS_other,Other:PDC-S07,Other:PDC-S30,PD-T4-6:PD-T4-6,RM:RM_II,RM:RM_IV,Thoeris:Theoris_other",1
PRO_com_190,4,4,2,"BAC_com_211,BAC_com_37","Abi2DF:Abi2DF,AbiE:AbiE,CRISPR-Cas:CAS_Class1-IV,DRT:DRT_other,Gabija:Gabija,Other:DMS_other,Other:PDC-S04,Other:PDC-S07,Other:PDC-S13,Other:PDC-S14,PD-T4-6:PD-T4-6,RM:RM_I,RM:RM_II,RM:RM_IIG,RM:RM_IV,Thoeris:Theoris_other,type_unresolved:subtype_unresolved",7
PRO_com_238,4,4,2,"BAC_com_113,BAC_com_51","CRISPR-Cas:CAS_Class1-IV,DRT:DRT_other,Gabija:Gabija,Other:DMS_other,Other:PDC-S07,PD-T4-6:PD-T4-6,RM:RM_II,RM:RM_III,RM:RM_IV,Thoeris:Theoris_other,type_unresolved:subtype_unresolved",5
PRO_com_355,4,4,2,"BAC_com_135,BAC_com_202","Abi2DF:Abi2DF,AbiE:AbiE,CRISPR-Cas:CAS_Class1-I-C,CRISPR-Cas:CAS_Class1-IV,DRT:DRT_other,Detocs:Detocs,Dodola:Dodola,Gabija:Gabija,MazEF:MazEF,Other:DMS_other,Other:PDC-S04,Other:PDC-S05,Other:PDC-S07,Other:PDC-S14,PD-T4-6:PD-T4-6,Paris:Paris,RM:RM_I,RM:RM_II,RM:RM_III,RM:RM_IV,SoFIC:SoFIC,Thoeris:Theoris_other,type_unresolved:subtype_unresolved",11
PRO_com_70,4,4,2,"BAC_com_29,BAC_com_37","Abi2DF:Abi2DF,AbiE:AbiE,CRISPR-Cas:CAS_Class1-IV,DRT:DRT_other,Gabija:Gabija,Other:DMS_other,Other:PDC-S04,Other:PDC-S07,Other:PDC-S13,Other:PDC-S14,PD-T4-6:PD-T4-6,RM:RM_I,RM:RM_II,RM:RM_IIG,RM:RM_III,RM:RM_IV,SoFIC:SoFIC,Thoeris:Theoris_other,Uzume:Uzume,type_unresolved:subtype_unresolved",7
PRO_com_225,3,3,2,"BAC_com_53,BAC_com_72","CRISPR-Cas:CAS_Class1-IV,DRT:DRT_other,Gabija:Gabija,Other:DMS_other,Other:PDC-S04,Other:PDC-S07,PD-T4-6:PD-T4-6,RM:RM_I,RM:RM_II,RM:RM_IV,Thoeris:Theoris_other,type_unresolved:subtype_unresolved",1
PRO_com_288,3,3,2,"BAC_com_2,BAC_com_20","CRISPR-Cas:CAS_Class1-IV,DRT:DRT_other,Gabija:Gabija,Other:DMS_other,Other:PDC-S07,Other:PDC-S30,PD-T4-6:PD-T4-6,RM:RM_I,RM:RM_II,RM:RM_IV,Thoeris:Theoris_other",1
PRO_com_289,3,3,2,"BAC_com_162,BAC_com_20","Abi2DF:Abi2DF,AbiE:AbiE,CRISPR-Cas:CAS_Class1-IV,DRT:DRT_other,Gabija:Gabija,Mokosh:Mokosh_II,Other:DMS_other,Other:PDC-S04,Other:PDC-S05,Other:PDC-S07,Other:PDC-S30,PD-T4-6:PD-T4-6,RM:RM_I,RM:RM_II,RM:RM_IIG,RM:RM_IV,SoFIC:SoFIC,Thoeris:Theoris_other",4
PRO_com_301,3,3,2,"BAC_com_115,BAC_com_122","AbiE:AbiE,AbiH:AbiH,AbiZ:AbiZ,CRISPR-Cas:CAS_Class1-IV,DRT:DRT_other,Dodola:Dodola,Gabija:Gabija,Other:DMS_other,Other:PDC-S04,Other:PDC-S05,Other:PDC-S07,Other:PDC-S14,PD-T4-6:PD-T4-6,PrrC:PrrC,RM:RM_I,RM:RM_II,RM:RM_IV,SoFIC:SoFIC,Thoeris:Theoris_other",5
PRO_com_392,3,3,2,"BAC_com_149,BAC_com_201","Abi2DF:Abi2DF,AbiE:AbiE,CRISPR-Cas:CAS_Class1-IV,DRT:DRT_other,Gabija:Gabija,MazEF:MazEF,Other:DMS_other,Other:PDC-M24,Other:PDC-S02,Other:PDC-S04,Other:PDC-S05,Other:PDC-S07,PD-T4-6:PD-T4-6,PrrC:PrrC,RM:RM_I,RM:RM_II,Thoeris:Theoris_other",5
PRO_com_492,3,3,2,"BAC_com_167,BAC_com_171","Abi2DF:Abi2DF,CRISPR-Cas:CAS_Class1-IV,DRT:DRT_other,Gabija:Gabija,Other:DMS_other,Other:PDC-M62,Other:PDC-S04,Other:PDC-S05,Other:PDC-S07,Other:PDC-S30,PD-T4-6:PD-T4-6,RM:RM_IV,Septu:Septu_other,Thoeris:Theoris_other",5
PRO_com_50,3,3,2,"BAC_com_162,BAC_com_20","Abi2DF:Abi2DF,CRISPR-Cas:CAS_Class1-IV,DRT:DRT_other,Gabija:Gabija,Other:DMS_other,Other:PDC-S04,Other:PDC-S05,Other:PDC-S07,Other:PDC-S13,Other:PDC-S30,PD-T4-6:PD-T4-6,RM:RM_I,RM:RM_II,RM:RM_IV,SoFIC:SoFIC,Thoeris:Theoris_other,type_unresolved:subtype_unresolved",4
PRO_com_59,3,3,2,"BAC_com_3,BAC_com_5","Abi2DF:Abi2DF,CRISPR-Cas:CAS_Class1-IV,DRT:DRT_other,Gabija:Gabija,Other:DMS_other,Other:PDC-S04,Other:PDC-S07,PD-T4-6:PD-T4-6,Paris:Paris,RM:RM_I,RM:RM_II,RM:RM_III,RM:RM_IV,SoFIC:SoFIC,Thoeris:Theoris_other",0
PRO_com_8,3,3,2,"BAC_com_199,BAC_com_4","AbiE:AbiE,AbiG:AbiG,CRISPR-Cas:CAS_Class1-IV,DRT:DRT_other,Gabija:Gabija,Mokosh:Mokosh_II,Other:DMS_other,Other:PDC-S04,Other:PDC-S05,Other:PDC-S07,Other:PDC-S14,PD-T4-6:PD-T4-6,RM:RM_I,RM:RM_II,RM:RM_IIG,RM:RM_III,RM:RM_IV,SoFIC:SoFIC,Thoeris:Theoris_other,Thoeris:Thoeris_I,type_unresolved:subtype_unresolved",5
PRO_com_215,2,2,2,"BAC_com_29,BAC_com_79","Abi2DF:Abi2DF,AbiE:AbiE,CRISPR-Cas:CAS_Class1-I-C,CRISPR-Cas:CAS_Class1-IV,DRT:DRT_other,Gabija:Gabija,Other:DMS_other,Other:PDC-S04,Other:PDC-S07,Other:PDC-S13,Other:PDC-S14,PD-T4-6:PD-T4-6,RM:RM_I,RM:RM_III,RM:RM_IV,SoFIC:SoFIC,Thoeris:Theoris_other,tmn:tmn-beta,type_unresolved:subtype_unresolved",0
PRO_com_227,2,2,2,"BAC_com_170,BAC_com_80","AbiE:AbiE,CRISPR-Cas:CAS_Class1-IV,DRT:DRT_other,Gabija:Gabija,Other:DMS_other,Other:PDC-S05,Other:PDC-S07,PD-T4-6:PD-T4-6,Paris:Paris,RM:RM_I,RM:RM_II,RM:RM_IIG,RM:RM_IV,Thoeris:Theoris_other",0
PRO_com_3,2,2,2,"BAC_com_1,BAC_com_60","AbiE:AbiE,CRISPR-Cas:CAS_Class1-IV,DRT:DRT_other,Gabija:Gabija,Other:DMS_other,Other:PDC-S07,Other:PDC-S73,PD-T4-6:PD-T4-6,RM:RM_I,RM:RM_II,RM:RM_IV,Thoeris:Theoris_other",0
PRO_com_337,2,2,2,"BAC_com_125,BAC_com_212","CRISPR-Cas:CAS_Class1-IV,DRT:DRT_other,Gabija:Gabija,Other:DMS_other,Other:PDC-S04,Other:PDC-S05,Other:PDC-S07,PD-T4-6:PD-T4-6,RM:RM_I,RM:RM_II,RM:RM_IV,Thoeris:Theoris_other",0
PRO_com_39,2,2,2,"BAC_com_15,BAC_com_51","Abi2DF:Abi2DF,CRISPR-Cas:CAS_Class1-IV,DRT:DRT_other,Gabija:Gabija,Other:DMS_other,Other:PDC-S04,Other:PDC-S07,PD-T4-6:PD-T4-6,RM:RM_II,RM:RM_IIG,Thoeris:Theoris_other",0
PRO_com_406,2,2,2,"BAC_com_154,BAC_com_2","CRISPR-Cas:CAS_Class1-IV,DRT:DRT_other,Gabija:Gabija,Other:DMS_other,Other:PDC-S07,PD-T4-6:PD-T4-6,RM:RM_I,RM:RM_IV,Thoeris:Theoris_other",0
PRO_com_459,2,2,2,"BAC_com_2,BAC_com_3","AbiE:AbiE,CRISPR-Cas:CAS_Class1-IV,DRT:DRT_other,Gabija:Gabija,Other:DMS_other,Other:PDC-S04,Other:PDC-S07,PD-T4-6:PD-T4-6,RM:RM_I,RM:RM_II,RM:RM_IV,RosmerTA:RosmerTA,Thoeris:Theoris_other",0
PRO_com_479,2,2,2,"BAC_com_164,BAC_com_166","CRISPR-Cas:CAS_Class1-IV,DRT:DRT_other,Gabija:Gabija,Ogmios:Ogmios,Other:DMS_other,Other:PDC-S04,Other:PDC-S05,Other:PDC-S07,Other:PDC-S22,PD-T4-6:PD-T4-6,RM:RM_II,RM:RM_IV,Thoeris:Theoris_other",0
PRO_com_572,2,2,2,"BAC_com_135,BAC_com_46","AbiE:AbiE,CRISPR-Cas:CAS_Class1-I-C,CRISPR-Cas:CAS_Class1-IV,DRT:DRT_other,Gabija:Gabija,MazEF:MazEF,Other:DMS_other,Other:PDC-S04,Other:PDC-S05,Other:PDC-S07,Other:PDC-S13,Other:PDC-S14,PD-T4-6:PD-T4-6,Paris:Paris,RM:RM_I,RM:RM_II,RM:RM_III,SoFIC:SoFIC,Thoeris:Theoris_other",0
PRO_com_595,2,2,2,"BAC_com_113,BAC_com_45","CRISPR-Cas:CAS_Class1-IV,DRT:DRT_other,Gabija:Gabija,Other:DMS_other,Other:PDC-S07,PD-T4-6:PD-T4-6,RM:RM_II,RM:RM_IV,Thoeris:Theoris_other",0
PRO_com_597,2,2,2,"BAC_com_123,BAC_com_160","CRISPR-Cas:CAS_Class1-IV,CRISPR-Cas:CAS_Class2_II-A,CRISPR-Cas:subtype_unresolved,DRT:DRT_other,Gabija:Gabija,Other:DMS_other,Other:PDC-S04,Other:PDC-S07,Other:PDC-S13,PD-T4-6:PD-T4-6,RM:RM_I,RM:RM_II,RM:RM_IV,Thoeris:Theoris_other",0
PRO_com_78,2,2,2,"BAC_com_33,BAC_com_34","CRISPR-Cas:CAS_Class1-IV,DRT:DRT_other,Gabija:Gabija,Other:DMS_other,Other:PDC-S02,Other:PDC-S07,PD-T4-6:PD-T4-6,RM:RM_II,RM:RM_IV,Thoeris:Theoris_other",0
PRO_com_87,2,2,2,"BAC_com_29,BAC_com_39","AbiE:AbiE,CRISPR-Cas:CAS_Class1-IV,DRT:DRT_other,Gabija:Gabija,Other:DMS_other,Other:PDC-S04,Other:PDC-S07,PD-T4-6:PD-T4-6,RM:RM_I,RM:RM_II,RM:RM_IIG,RM:RM_IV,SoFIC:SoFIC,Thoeris:Theoris_other,tmn:tmn-beta,type_unresolved:subtype_unresolved",0
PRO_com_94,2,2,2,"BAC_com_39,BAC_com_70","AbiE:AbiE,CRISPR-Cas:CAS_Class1-IV,DRT:DRT_other,Gabija:Gabija,Other:DMS_other,Other:PDC-S07,PD-T4-6:PD-T4-6,RM:RM_I,RM:RM_II,RM:RM_IV,SoFIC:SoFIC,Thoeris:Theoris_other,type_unresolved:subtype_unresolved",0
PRO_com_7,125,125,1,BAC_com_3,"CRISPR-Cas:CAS_Class1-IV,DRT:DRT_other,Gabija:Gabija,Other:DMS_other,Other:PDC-S04,Other:PDC-S07,Other:PDC-S11,PD-T4-6:PD-T4-6,RM:RM_I,RM:RM_II,RM:RM_IV,Thoeris:Theoris_other",29
PRO_com_99,65,65,1,BAC_com_2,"DRT:DRT_other,Ogmios:Ogmios,Other:DMS_other,Other:PDC-S07,PD-T4-6:PD-T4-6,RM:RM_I,RM:RM_III,RM:RM_IV,RosmerTA:RosmerTA,Thoeris:Theoris_other,tmn:tmn-alpha",21
PRO_com_10,44,43,1,BAC_com_3,"AbiE:AbiE,CRISPR-Cas:CAS_Class1-IV,DRT:DRT_other,Gabija:Gabija,Other:DMS_other,Other:PDC-S04,Other:PDC-S07,PD-T4-6:PD-T4-6,RM:RM_I,RM:RM_II,RM:RM_IV,Thoeris:Theoris_other",17
PRO_com_6,42,42,1,BAC_com_3,"Aditi:Aditi,CRISPR-Cas:CAS_Class1-IV,CRISPR-Cas:CAS_Class2_II-A,CRISPR-Cas:subtype_unresolved,DRT:DRT_other,Gabija:Gabija,Other:DMS_other,Other:PDC-S04,Other:PDC-S07,Other:PDC-S11,Other:PDC-S22,PD-T4-6:PD-T4-6,RM:RM_I,RM:RM_II,RM:RM_IV,RosmerTA:RosmerTA,Thoeris:Theoris_other",18
PRO_com_109,41,41,1,BAC_com_5,"DRT:DRT_other,Gabija:Gabija,Other:DMS_other,Other:PDC-S04,Other:PDC-S07,Other:PDC-S30,PD-T4-6:PD-T4-6,RM:RM_I,SoFIC:SoFIC,Thoeris:Theoris_other,type_unresolved:subtype_unresolved",23
PRO_com_107,32,32,1,BAC_com_2,"AbiE:AbiE,CRISPR-Cas:CAS_Class1-IV,DRT:DRT_other,Gabija:Gabija,Other:DMS_other,Other:PDC-S04,Other:PDC-S05,Other:PDC-S07,PD-T4-6:PD-T4-6,RM:RM_I,RM:RM_IIG,RM:RM_III,RM:RM_IV,RosmerTA:RosmerTA,Thoeris:Theoris_other",19
PRO_com_167,28,28,1,BAC_com_41,"AbiH:AbiH,CRISPR-Cas:CAS_Class1-IV,Gabija:Gabija,Other:DMS_other,Other:PDC-S04,Other:PDC-S07,RM:RM_I,RM:RM_II,RM:RM_IV,SoFIC:SoFIC,Thoeris:Theoris_other",26
PRO_com_141,22,22,1,BAC_com_3,"DRT:DRT_other,Gabija:Gabija,Other:DMS_other,Other:PDC-S04,Other:PDC-S07,Other:PDC-S11,PD-T4-6:PD-T4-6,RM:RM_I,RM:RM_II,RM:RM_IV,RosmerTA:RosmerTA,Thoeris:Theoris_other",13
PRO_com_271,21,21,1,BAC_com_3,"Abi2DF:Abi2DF,AbiE:AbiE,Aditi:Aditi,CRISPR-Cas:CAS_Class2_II-A,CRISPR-Cas:subtype_unresolved,DRT:DRT_other,Gabija:Gabija,Other:DMS_other,Other:PDC-S04,Other:PDC-S07,Other:PDC-S11,Other:PDC-S22,PD-T4-6:PD-T4-6,Paris:Paris,RM:RM_I,RM:RM_II,RM:RM_III,RM:RM_IV,RosmerTA:RosmerTA,SoFIC:SoFIC,Thoeris:Theoris_other",18
PRO_com_169,20,20,1,BAC_com_41,"AbiH:AbiH,CRISPR-Cas:CAS_Class1-IV,DRT:DRT_other,Gabija:Gabija,Other:DMS_other,Other:PDC-S04,Other:PDC-S07,RM:RM_I,RM:RM_II,RM:RM_IV,SoFIC:SoFIC,Thoeris:Theoris_other",19
PRO_com_104,18,18,1,BAC_com_3,"Aditi:Aditi,CRISPR-Cas:CAS_Class1-IV,CRISPR-Cas:CAS_Class2_II-A,CRISPR-Cas:subtype_unresolved,DRT:DRT_other,Gabija:Gabija,Other:DMS_other,Other:PDC-S04,Other:PDC-S07,Other:PDC-S11,PD-T4-6:PD-T4-6,RM:RM_I,RM:RM_II,RM:RM_IV,RosmerTA:RosmerTA,Thoeris:Theoris_other",11
PRO_com_67,17,17,1,BAC_com_5,"Abi2DF:Abi2DF,CBASS:CBASS_II,CRISPR-Cas:CAS_Class1-IV,DRT:DRT_other,Gabija:Gabija,Hachiman:Hachiman_I,Other:DMS_other,Other:PDC-M46,Other:PDC-S04,Other:PDC-S07,Other:PDC-S30,PD-T4-6:PD-T4-6,Paris:Paris,RM:RM_I,RM:RM_II,RM:RM_III,RM:RM_IV,SoFIC:SoFIC,Thoeris:Theoris_other,type_unresolved:subtype_unresolved",14
PRO_com_184,12,12,1,BAC_com_1,"AbiE:AbiE,Aditi:Aditi,CRISPR-Cas:CAS_Class1-IV,DRT:DRT_other,Gabija:Gabija,Kiwa:Kiwa,Other:DMS_other,Other:PDC-S07,Other:PDC-S73,PD-T4-6:PD-T4-6,RM:RM_I,RM:RM_II,RM:RM_IIG,RM:RM_IV,Thoeris:Theoris_other,type_unresolved:subtype_unresolved",13
PRO_com_248,13,12,1,BAC_com_5,"Abi2DF:Abi2DF,CBASS:CBASS_II,CRISPR-Cas:CAS_Class1-IV,DRT:DRT_other,Gabija:Gabija,Hachiman:Hachiman_I,Other:DMS_other,Other:PDC-M46,Other:PDC-S04,Other:PDC-S07,Other:PDC-S30,PD-T4-6:PD-T4-6,Paris:Paris,RM:RM_I,RM:RM_II,RM:RM_III,RM:RM_IV,SoFIC:SoFIC,Thoeris:Theoris_other,type_unresolved:subtype_unresolved",13
PRO_com_263,11,11,1,BAC_com_2,"AbiE:AbiE,CRISPR-Cas:CAS_Class1-IV,DRT:DRT_other,Gabija:Gabija,Ogmios:Ogmios,Other:DMS_other,Other:PDC-S07,Other:PDC-S30,Other:PDC-S50,PD-T4-6:PD-T4-6,RM:RM_I,RM:RM_III,RM:RM_IV,RosmerTA:RosmerTA,Thoeris:Theoris_other,tmn:tmn-alpha",5
PRO_com_0,14,10,1,BAC_com_0,"CRISPR-Cas:CAS_Class1-IV,CRISPR-Cas:CAS_Class2_II-A,CRISPR-Cas:subtype_unresolved,DRT:DRT_other,Gabija:Gabija,Hna:Hna,Other:DMS_other,Other:PDC-S04,Other:PDC-S05,Other:PDC-S07,Other:PDC-S30,PD-T4-6:PD-T4-6,RM:RM_I,RM:RM_IV,RosmerTA:RosmerTA,Thoeris:Theoris_other,type_unresolved:subtype_unresolved",11
PRO_com_154,10,10,1,BAC_com_34,"CRISPR-Cas:CAS_Class1-IV,DRT:DRT_other,Gabija:Gabija,Menshen:Menshen_other,Other:DMS_other,Other:PDC-S07,Other:PDC-S22,Other:PDC-S73,PD-T4-6:PD-T4-6,RM:RM_I,RM:RM_II,RM:RM_IV,Thoeris:Theoris_other",9
PRO_com_186,10,10,1,BAC_com_41,"AbiH:AbiH,CRISPR-Cas:CAS_Class1-IV,DRT:DRT_other,Gabija:Gabija,Lamassu:Lamassu,Other:DMS_other,Other:PDC-M67,Other:PDC-S04,Other:PDC-S05,Other:PDC-S07,Other:PDC-S14,Other:PDC-S30,PD-T4-6:PD-T4-6,Paris:Paris,RM:RM_I,RM:RM_II,RM:RM_III,RM:RM_IV,SoFIC:SoFIC,Thoeris:Theoris_other",13
PRO_com_417,10,10,1,BAC_com_3,"Abi2DF:Abi2DF,AbiE:AbiE,CBASS:CBASS_II,CRISPR-Cas:CAS_Class1-I-C,CRISPR-Cas:CAS_Class1-IV,DRT:DRT_other,Gabija:Gabija,Ogmios:Ogmios,Other:DMS_other,Other:PDC-M46,Other:PDC-S04,Other:PDC-S07,PD-T4-6:PD-T4-6,RM:RM_I,RM:RM_II,RM:RM_IV,RosmerTA:RosmerTA,SoFIC:SoFIC,Thoeris:Theoris_other",12
PRO_com_179,9,9,1,BAC_com_34,"CBASS:CBASS_I,CRISPR-Cas:CAS_Class1-IV,DRT:DRT_other,Gabija:Gabija,Ogmios:Ogmios,Other:DMS_other,Other:PDC-M46,Other:PDC-S02,Other:PDC-S07,Other:PDC-S22,Other:PDC-S50,Other:PDC-S73,PD-T4-6:PD-T4-6,RM:RM_I,RM:RM_II,RM:RM_IIG,RM:RM_III,RM:RM_IV,Thoeris:Theoris_other",10
PRO_com_180,9,9,1,BAC_com_34,"CBASS:CBASS_I,CRISPR-Cas:CAS_Class1-IV,DRT:DRT_other,Gabija:Gabija,Ogmios:Ogmios,Other:DMS_other,Other:PDC-M46,Other:PDC-S02,Other:PDC-S07,Other:PDC-S22,Other:PDC-S50,Other:PDC-S73,PD-T4-6:PD-T4-6,RM:RM_I,RM:RM_II,RM:RM_IIG,RM:RM_III,RM:RM_IV,Thoeris:Theoris_other",10
PRO_com_102,8,8,1,BAC_com_2,"CRISPR-Cas:CAS_Class1-IV,DRT:DRT_other,Gabija:Gabija,Ogmios:Ogmios,Other:DMS_other,Other:PDC-S07,Other:PDC-S30,PD-T4-6:PD-T4-6,RM:RM_I,RM:RM_III,RM:RM_IV,RosmerTA:RosmerTA,Thoeris:Theoris_other,tmn:tmn-alpha",2
PRO_com_385,8,8,1,BAC_com_146,"AbiE:AbiE,AbiH:AbiH,AbiR:AbiR,CBASS:CBASS_II,CRISPR-Cas:CAS_Class1-I-C,CRISPR-Cas:CAS_Class1-IV,DRT:DRT_other,Gabija:Gabija,Other:DMS_other,Other:PDC-M24,Other:PDC-S02,Other:PDC-S04,Other:PDC-S05,Other:PDC-S07,Other:PDC-S30,Other:PDC-S32,Other:PDC-S73,PD-T4-6:PD-T4-6,PD-T4-9:PD-T4-9,RM:RM_I,RM:RM_II,RM:RM_IIG,RM:RM_III,SoFIC:SoFIC,Thoeris:Theoris_other",14
PRO_com_147,7,7,1,BAC_com_3,"Aditi:Aditi,CRISPR-Cas:CAS_Class1-IV,CRISPR-Cas:CAS_Class2_II-A,CRISPR-Cas:subtype_unresolved,DRT:DRT_other,Gabija:Gabija,Other:DMS_other,Other:PDC-S04,Other:PDC-S07,Other:PDC-S11,PD-T4-6:PD-T4-6,RM:RM_I,RM:RM_II,RM:RM_IV,Thoeris:Theoris_other",6
PRO_com_187,7,7,1,BAC_com_3,"Abi2DF:Abi2DF,CRISPR-Cas:CAS_Class1-IV,Gabija:Gabija,Ogmios:Ogmios,Other:DMS_other,Other:PDC-M46,Other:PDC-S04,Other:PDC-S07,Other:PDC-S11,PD-T4-6:PD-T4-6,Paris:Paris,RM:RM_I,RM:RM_II,RM:RM_III,RM:RM_IV,RosmerTA:RosmerTA,SoFIC:SoFIC,Thoeris:Theoris_other",5
PRO_com_258,7,7,1,BAC_com_3,"Abi2DF:Abi2DF,AbiE:AbiE,CRISPR-Cas:CAS_Class1-IV,DRT:DRT_other,Gabija:Gabija,Other:DMS_other,Other:PDC-S04,Other:PDC-S07,Other:PDC-S11,PD-T4-6:PD-T4-6,RM:RM_I,RM:RM_II,RM:RM_IV,RosmerTA:RosmerTA,Thoeris:Theoris_other",4
PRO_com_307,7,7,1,BAC_com_3,"CRISPR-Cas:CAS_Class1-IV,DRT:DRT_other,Gabija:Gabija,Other:DMS_other,Other:PDC-S04,Other:PDC-S07,Other:PDC-S11,PD-T4-6:PD-T4-6,RM:RM_I,RM:RM_II,RM:RM_IV,RosmerTA:RosmerTA,Thoeris:Theoris_other",1
PRO_com_100,6,6,1,BAC_com_2,"CRISPR-Cas:CAS_Class1-IV,DRT:DRT_other,Gabija:Gabija,Ogmios:Ogmios,Other:DMS_other,Other:PDC-M22,Other:PDC-S07,Other:PDC-S30,PD-T4-6:PD-T4-6,RM:RM_I,RM:RM_III,RM:RM_IV,RosmerTA:RosmerTA,Thoeris:Theoris_other,tmn:tmn-alpha",1
PRO_com_101,6,6,1,BAC_com_2,"AbiE:AbiE,CRISPR-Cas:CAS_Class1-IV,DRT:DRT_other,Gabija:Gabija,Ogmios:Ogmios,Other:DMS_other,Other:PDC-S07,Other:PDC-S30,PD-T4-6:PD-T4-6,RM:RM_I,RM:RM_III,RM:RM_IV,RosmerTA:RosmerTA,Thoeris:Theoris_other,tmn:tmn-alpha",0
PRO_com_103,6,6,1,BAC_com_41,"AbiH:AbiH,AbiZ:AbiZ,CRISPR-Cas:CAS_Class1-IV,DRT:DRT_other,Gabija:Gabija,Lamassu:Lamassu,Menshen:Menshen_other,Other:DMS_other,Other:PDC-S04,Other:PDC-S05,Other:PDC-S07,Other:PDC-S14,Other:PDC-S32,PD-T4-6:PD-T4-6,RM:RM_I,RM:RM_II,RM:RM_III,RM:RM_IV,SoFIC:SoFIC,Thoeris:Theoris_other",12
PRO_com_126,6,6,1,BAC_com_5,"Abi2DF:Abi2DF,AbiE:AbiE,CRISPR-Cas:CAS_Class1-IV,DRT:DRT_other,Gabija:Gabija,Other:DMS_other,Other:PDC-M46,Other:PDC-S04,Other:PDC-S07,Other:PDC-S30,PD-T4-6:PD-T4-6,Paris:Paris,RM:RM_I,RM:RM_II,RM:RM_III,RM:RM_IV,SoFIC:SoFIC,Thoeris:Theoris_other",6
PRO_com_230,6,6,1,BAC_com_81,"CRISPR-Cas:CAS_Class1-IV,CRISPR-Cas:CAS_Class2_II-A,CRISPR-Cas:subtype_unresolved,DRT:DRT_other,Gabija:Gabija,Other:DMS_other,Other:PDC-S05,Other:PDC-S07,PD-T4-6:PD-T4-6,PD-T7-2:PD-T7-2,RM:RM_I,RM:RM_II,RM:RM_IIG,RM:RM_IV,RloC:RloC,RosmerTA:RosmerTA,Thoeris:Theoris_other,type_unresolved:subtype_unresolved",8
PRO_com_270,6,6,1,BAC_com_3,"Abi2DF:Abi2DF,CRISPR-Cas:CAS_Class1-IV,CRISPR-Cas:subtype_unresolved,DRT:DRT_other,Gabija:Gabija,Other:DMS_other,Other:PDC-S04,Other:PDC-S05,Other:PDC-S07,Other:PDC-S11,PD-T4-6:PD-T4-6,RM:RM_I,RM:RM_II,RM:RM_IV,Thoeris:Theoris_other",3
PRO_com_277,6,6,1,BAC_com_2,"AbiE:AbiE,CRISPR-Cas:CAS_Class1-IV,DRT:DRT_other,Gabija:Gabija,Ogmios:Ogmios,Other:DMS_other,Other:PDC-S07,Other:PDC-S30,Other:PDC-S50,PD-T4-6:PD-T4-6,RM:RM_I,RM:RM_III,RM:RM_IV,RosmerTA:RosmerTA,Thoeris:Theoris_other,tmn:tmn-alpha",2
PRO_com_28,6,6,1,BAC_com_3,"AVAST:AVAST_II,Abi2DF:Abi2DF,Belisama:Belisama,CRISPR-Cas:CAS_Class1-IV,DRT:DRT_other,Gabija:Gabija,Gao_ietAS:Gao_ietAS,Ogmios:Ogmios,Other:DMS_other,Other:PDC-M14,Other:PDC-M46,Other:PDC-S04,Other:PDC-S07,Other:PDC-S11,Other:PDC-S30,PD-T4-6:PD-T4-6,RM:RM_I,RM:RM_IIG,RM:RM_III,RM:RM_IV,RosmerTA:RosmerTA,SoFIC:SoFIC,Thoeris:Theoris_other,tmn:tmn-beta",12
PRO_com_63,6,6,1,BAC_com_26,"AbiE:AbiE,CRISPR-Cas:CAS_Class1-IV,DRT:DRT_other,Gabija:Gabija,Menshen:Menshen,Ogmios:Ogmios,Other:DMS_other,Other:PDC-S05,Other:PDC-S07,Other:PDC-S15,Other:PDC-S73,PD-T4-6:PD-T4-6,RM:RM_I,RM:RM_II,RM:RM_III,RM:RM_IV,SoFIC:SoFIC,Thoeris:Theoris_other",6
PRO_com_92,6,6,1,BAC_com_3,"AbiL:AbiL,Aditi:Aditi,CRISPR-Cas:CAS_Class1-I-C,CRISPR-Cas:CAS_Class1-IV,DRT:DRT_other,Gabija:Gabija,Other:DMS_other,Other:PDC-S04,Other:PDC-S07,Other:PDC-S11,Other:PDC-S22,PD-T4-6:PD-T4-6,RM:RM_I,RM:RM_II,RM:RM_IV,RosmerTA:RosmerTA,Thoeris:Theoris_other",6
PRO_com_114,5,5,1,BAC_com_2,"AbiE:AbiE,CRISPR-Cas:CAS_Class1-IV,DRT:DRT_other,Gabija:Gabija,Other:DMS_other,Other:PDC-S04,Other:PDC-S07,PD-T4-6:PD-T4-6,RM:RM_I,RM:RM_II,RM:RM_III,RM:RM_IV,RosmerTA:RosmerTA,Thoeris:Theoris_other",0
PRO_com_115,5,5,1,BAC_com_3,"Aditi:Aditi,CRISPR-Cas:CAS_Class1-IV,CRISPR-Cas:CAS_Class2_II-A,CRISPR-Cas:subtype_unresolved,DRT:DRT_other,Gabija:Gabija,Other:DMS_other,Other:PDC-S04,Other:PDC-S07,Other:PDC-S11,Other:PDC-S22,PD-T4-6:PD-T4-6,RM:RM_I,RM:RM_II,RM:RM_IIG,RM:RM_IV,RosmerTA:RosmerTA,Thoeris:Theoris_other",6
PRO_com_117,5,5,1,BAC_com_2,"AbiE:AbiE,CRISPR-Cas:CAS_Class1-IV,DRT:DRT_other,Gabija:Gabija,Other:DMS_other,Other:PDC-S04,Other:PDC-S05,Other:PDC-S07,PD-T4-6:PD-T4-6,RM:RM_I,RM:RM_II,RM:RM_IIG,RM:RM_III,RM:RM_IV,RosmerTA:RosmerTA,Thoeris:Theoris_other",3
PRO_com_123,5,5,1,BAC_com_0,"CRISPR-Cas:CAS_Class1-IV,CRISPR-Cas:CAS_Class2_II-A,CRISPR-Cas:subtype_unresolved,DRT:DRT_other,Gabija:Gabija,Hna:Hna,Other:DMS_other,Other:PDC-S04,Other:PDC-S05,Other:PDC-S07,Other:PDC-S30,PD-Lambda-1:PD-Lambda-1,PD-T4-6:PD-T4-6,RM:RM_I,RM:RM_IV,RosmerTA:RosmerTA,Thoeris:Theoris_other,type_unresolved:subtype_unresolved",6
PRO_com_375,5,5,1,BAC_com_143,"Abi2DF:Abi2DF,AbiE:AbiE,AbiN:AbiN,CRISPR-Cas:CAS_Class1-IV,DRT:DRT_other,Gabija:Gabija,MazEF:MazEF,Other:DMS_other,Other:PDC-M11,Other:PDC-S04,Other:PDC-S05,Other:PDC-S07,PD-T4-6:PD-T4-6,Paris:Paris,RM:RM_I,RM:RM_II,RM:RM_IIG,RM:RM_III,SoFIC:SoFIC,Thoeris:Theoris_other",10
PRO_com_386,5,5,1,BAC_com_146,"AbiE:AbiE,AbiH:AbiH,AbiR:AbiR,CBASS:CBASS_II,CRISPR-Cas:CAS_Class1-I-C,CRISPR-Cas:CAS_Class1-IV,DRT:DRT_other,Gabija:Gabija,Other:DMS_other,Other:PDC-M24,Other:PDC-S02,Other:PDC-S04,Other:PDC-S05,Other:PDC-S07,Other:PDC-S30,Other:PDC-S32,Other:PDC-S73,PD-T4-6:PD-T4-6,PD-T4-9:PD-T4-9,RM:RM_I,RM:RM_II,RM:RM_IIG,RM:RM_III,SoFIC:SoFIC,Thoeris:Theoris_other",13
PRO_com_454,5,5,1,BAC_com_2,"DRT:DRT_other,Gabija:Gabija,Ogmios:Ogmios,Other:DMS_other,Other:PDC-M22,Other:PDC-S05,Other:PDC-S07,Other:PDC-S30,PD-T4-6:PD-T4-6,RM:RM_I,RM:RM_III,RM:RM_IV,RosmerTA:RosmerTA,ShosTA:ShosTA,Thoeris:Theoris_other,tmn:tmn-alpha",3
PRO_com_148,4,4,1,BAC_com_48,"Abi2DF:Abi2DF,AbiE:AbiE,AbiH:AbiH,AbiN:AbiN,CRISPR-Cas:CAS_Class1-IV,DRT:DRT_other,Gabija:Gabija,MazEF:MazEF,Other:DMS_other,Other:PDC-M11,Other:PDC-S04,Other:PDC-S07,Other:PDC-S30,Other:PDC-S32,PD-T4-6:PD-T4-6,PD-T4-9:PD-T4-9,Paris:Paris,RM:RM_I,RM:RM_II,RM:RM_IIG,RM:RM_III,RM:RM_IV,RnlAB:RnlAB,SoFIC:SoFIC,Thoeris:Theoris_other,type_unresolved:subtype_unresolved",10
PRO_com_149,4,4,1,BAC_com_48,"Abi2DF:Abi2DF,AbiE:AbiE,AbiH:AbiH,AbiN:AbiN,CRISPR-Cas:CAS_Class1-IV,DRT:DRT_other,Gabija:Gabija,MazEF:MazEF,Other:DMS_other,Other:PDC-M11,Other:PDC-S04,Other:PDC-S07,Other:PDC-S30,Other:PDC-S32,PD-T4-6:PD-T4-6,PD-T4-9:PD-T4-9,Paris:Paris,RM:RM_I,RM:RM_II,RM:RM_IIG,RM:RM_III,RM:RM_IV,RnlAB:RnlAB,SoFIC:SoFIC,Thoeris:Theoris_other,type_unresolved:subtype_unresolved",10
PRO_com_193,4,4,1,BAC_com_70,"Abi2DF:Abi2DF,AbiE:AbiE,AbiH:AbiH,CBASS:CBASS_I,CRISPR-Cas:CAS_Class1-IV,DRT:DRT_other,Gabija:Gabija,Gao_ietAS:Gao_ietAS,Ogmios:Ogmios,Other:DMS_other,Other:PDC-M14,Other:PDC-S07,Other:PDC-S56,Other:PDC-S73,PD-T4-6:PD-T4-6,RM:RM_I,RM:RM_II,RM:RM_III,RM:RM_IV,RosmerTA:RosmerTA,Shedu:Shedu,ShosTA:ShosTA,SoFIC:SoFIC,Thoeris:Theoris_other,Uzume:Uzume,type_unresolved:subtype_unresolved",11
PRO_com_194,4,4,1,BAC_com_70,"Abi2DF:Abi2DF,AbiE:AbiE,AbiH:AbiH,CBASS:CBASS_I,CRISPR-Cas:CAS_Class1-IV,DRT:DRT_other,Gabija:Gabija,Gao_ietAS:Gao_ietAS,Ogmios:Ogmios,Other:DMS_other,Other:PDC-M14,Other:PDC-S07,Other:PDC-S56,Other:PDC-S73,PD-T4-6:PD-T4-6,RM:RM_I,RM:RM_II,RM:RM_III,RM:RM_IV,RosmerTA:RosmerTA,Shedu:Shedu,ShosTA:ShosTA,SoFIC:SoFIC,Thoeris:Theoris_other,Uzume:Uzume,type_unresolved:subtype_unresolved",11
PRO_com_253,4,4,1,BAC_com_2,"CRISPR-Cas:CAS_Class1-IV,DRT:DRT_other,Gabija:Gabija,Ogmios:Ogmios,Other:DMS_other,Other:PDC-S07,Other:PDC-S30,PD-T4-6:PD-T4-6,RM:RM_I,RM:RM_III,RM:RM_IV,RosmerTA:RosmerTA,Thoeris:Theoris_other,tmn:tmn-alpha",0
PRO_com_267,4,4,1,BAC_com_24,"AVAST:AVAST_II,Abi2DF:Abi2DF,Aditi:Aditi,CRISPR-Cas:CAS_Class1-IV,DRT:DRT_Type3,DRT:DRT_other,Gabija:Gabija,Nantosuelta:Nantosuelta,Other:DMS_other,Other:PDC-M49,Other:PDC-S07,Other:PDC-S73,PD-T4-6:PD-T4-6,RM:RM_I,RM:RM_II,RM:RM_III,RM:RM_IV,RosmerTA:RosmerTA,Thoeris:Theoris_other,type_unresolved:subtype_unresolved",6
PRO_com_272,4,4,1,BAC_com_3,"Abi2DF:Abi2DF,AbiE:AbiE,Aditi:Aditi,CRISPR-Cas:CAS_Class1-IV,CRISPR-Cas:CAS_Class2_II-A,CRISPR-Cas:subtype_unresolved,DRT:DRT_other,Gabija:Gabija,Other:DMS_other,Other:PDC-S04,Other:PDC-S05,Other:PDC-S07,Other:PDC-S11,PD-Lambda-1:PD-Lambda-1,PD-T4-6:PD-T4-6,RM:RM_I,RM:RM_II,RM:RM_IV,RosmerTA:RosmerTA,Thoeris:Theoris_other",1
PRO_com_275,4,4,1,BAC_com_108,"AbiE:AbiE,AbiZ:AbiZ,CRISPR-Cas:CAS_Class1-IV,DRT:DRT_other,Gabija:Gabija,MazEF:MazEF,Other:DMS_other,Other:PDC-S04,Other:PDC-S05,Other:PDC-S07,Other:PDC-S13,Other:PDC-S14,Other:PDC-S30,Other:PDC-S47,Other:PDC-S50,PD-T4-6:PD-T4-6,PrrC:PrrC,RM:RM_I,RM:RM_II,RM:RM_IIG,RM:RM_III,Septu:Septu_other,SoFIC:SoFIC,Thoeris:Theoris_other",9
PRO_com_29,4,4,1,BAC_com_3,"AVAST:AVAST_II,Abi2DF:Abi2DF,Belisama:Belisama,CRISPR-Cas:CAS_Class1-IV,DRT:DRT_other,Gabija:Gabija,Gao_ietAS:Gao_ietAS,Ogmios:Ogmios,Other:DMS_other,Other:PDC-M14,Other:PDC-M46,Other:PDC-S04,Other:PDC-S07,Other:PDC-S11,Other:PDC-S30,PD-T4-6:PD-T4-6,RM:RM_I,RM:RM_IIG,RM:RM_III,RM:RM_IV,RosmerTA:RosmerTA,SoFIC:SoFIC,Thoeris:Theoris_other,tmn:tmn-beta",8
PRO_com_296,4,4,1,BAC_com_5,"Abi2DF:Abi2DF,AbiE:AbiE,CRISPR-Cas:CAS_Class1-IV,DRT:DRT_other,Gabija:Gabija,Hachiman:Hachiman_I,Other:DMS_other,Other:PDC-M46,Other:PDC-S02,Other:PDC-S04,Other:PDC-S07,Other:PDC-S30,PD-T4-6:PD-T4-6,Paris:Paris,RM:RM_I,RM:RM_II,RM:RM_III,RM:RM_IV,SoFIC:SoFIC,Thoeris:Theoris_other,type_unresolved:subtype_unresolved",7
PRO_com_308,4,4,1,BAC_com_118,"Abi2DF:Abi2DF,AbiE:AbiE,CRISPR-Cas:CAS_Class1-IV,DRT:DRT_other,Gabija:Gabija,Other:DMS_other,Other:PDC-S04,Other:PDC-S05,Other:PDC-S07,Other:PDC-S22,Other:PDC-S47,PD-T4-6:PD-T4-6,RM:RM_II,RM:RM_IV,RosmerTA:RosmerTA,SoFIC:SoFIC,Thoeris:Theoris_other,type_unresolved:subtype_unresolved",5
PRO_com_309,4,4,1,BAC_com_118,"Abi2DF:Abi2DF,AbiE:AbiE,CRISPR-Cas:CAS_Class1-IV,DRT:DRT_other,Gabija:Gabija,Other:DMS_other,Other:PDC-S04,Other:PDC-S05,Other:PDC-S07,Other:PDC-S22,Other:PDC-S47,PD-T4-6:PD-T4-6,RM:RM_II,RM:RM_IV,RosmerTA:RosmerTA,SoFIC:SoFIC,Thoeris:Theoris_other,type_unresolved:subtype_unresolved",5
PRO_com_320,4,4,1,BAC_com_41,"AbiH:AbiH,AbiZ:AbiZ,CRISPR-Cas:CAS_Class1-IV,DRT:DRT_other,Gabija:Gabija,Lamassu:Lamassu,Menshen:Menshen_other,Other:DMS_other,Other:PDC-S04,Other:PDC-S05,Other:PDC-S07,Other:PDC-S14,Other:PDC-S32,PD-T4-6:PD-T4-6,RM:RM_I,RM:RM_II,RM:RM_III,RM:RM_IV,SoFIC:SoFIC,Thoeris:Theoris_other",8
PRO_com_331,4,4,1,BAC_com_2,"CRISPR-Cas:CAS_Class1-IV,DRT:DRT_other,Gabija:Gabija,Ogmios:Ogmios,Other:DMS_other,Other:PDC-S07,Other:PDC-S30,PD-T4-6:PD-T4-6,RM:RM_I,RM:RM_III,RM:RM_IV,RosmerTA:RosmerTA,Thoeris:Theoris_other,tmn:tmn-alpha",0
PRO_com_364,4,4,1,BAC_com_126,"Abi2DF:Abi2DF,AbiE:AbiE,DRT:DRT_other,Gabija:Gabija,Other:DMS_other,Other:PDC-M24,Other:PDC-S04,Other:PDC-S07,PD-T4-6:PD-T4-6,Paris:Paris,RM:RM_I,RM:RM_II,RM:RM_III,RM:RM_IV,Thoeris:Theoris_other,Thoeris:Thoeris_I",3
PRO_com_421,4,4,1,BAC_com_5,"Abi2DF:Abi2DF,AbiE:AbiE,CRISPR-Cas:CAS_Class1-IV,DRT:DRT_other,Gabija:Gabija,Hachiman:Hachiman_I,Other:DMS_other,Other:PDC-M46,Other:PDC-S04,Other:PDC-S07,Other:PDC-S30,PD-T4-6:PD-T4-6,Paris:Paris,RM:RM_I,RM:RM_II,RM:RM_III,RM:RM_IV,SoFIC:SoFIC,Thoeris:Theoris_other",5
PRO_com_427,4,4,1,BAC_com_157,"AbiE:AbiE,CRISPR-Cas:CAS_Class1-I-C,CRISPR-Cas:CAS_Class1-IV,DRT:DRT_Class1_AbiAKP4,DRT:DRT_other,Gabija:Gabija,Other:DMS_other,Other:HEC-06,Other:PDC-M24,Other:PDC-S04,Other:PDC-S05,Other:PDC-S07,PD-T4-6:PD-T4-6,RM:RM_II,RM:RM_IIG,RM:RM_IV,RosmerTA:RosmerTA,Thoeris:Theoris_other",6
PRO_com_521,4,4,1,BAC_com_179,"Abi2DF:Abi2DF,AbiE:AbiE,AbiH:AbiH,CRISPR-Cas:CAS_Class1-IV,DRT:DRT_other,Gabija:Gabija,Kiwa:Kiwa,Other:DMS_other,Other:PDC-S04,Other:PDC-S05,Other:PDC-S07,Other:PDC-S13,Other:PDC-S14,Other:PDC-S35,PD-T4-6:PD-T4-6,Paris:Paris,RM:RM_I,RM:RM_II,RM:RM_IIG,RM:RM_III,SoFIC:SoFIC,Thoeris:Theoris_other,Thoeris:Thoeris_I",9
PRO_com_522,4,4,1,BAC_com_179,"Abi2DF:Abi2DF,AbiE:AbiE,AbiH:AbiH,CRISPR-Cas:CAS_Class1-IV,DRT:DRT_other,Gabija:Gabija,Kiwa:Kiwa,Other:DMS_other,Other:PDC-S04,Other:PDC-S05,Other:PDC-S07,Other:PDC-S13,Other:PDC-S14,Other:PDC-S35,PD-T4-6:PD-T4-6,Paris:Paris,RM:RM_I,RM:RM_II,RM:RM_IIG,RM:RM_III,SoFIC:SoFIC,Thoeris:Theoris_other,Thoeris:Thoeris_I",9
PRO_com_54,4,4,1,BAC_com_23,"Borvo:Borvo,CRISPR-Cas:CAS_Class1-I-C,CRISPR-Cas:CAS_Class1-IV,DRT:DRT_other,Gabija:Gabija,Hachiman:Hachiman_I,Other:DMS_other,Other:PDC-M14,Other:PDC-M46,Other:PDC-S05,Other:PDC-S07,Other:PDC-S30,PD-T4-6:PD-T4-6,RM:RM_II,RM:RM_III,RM:RM_IV,RosmerTA:RosmerTA,Thoeris:Theoris_other,tmn:tmn-alpha",7
PRO_com_55,4,4,1,BAC_com_23,"Borvo:Borvo,CRISPR-Cas:CAS_Class1-I-C,CRISPR-Cas:CAS_Class1-IV,DRT:DRT_other,Gabija:Gabija,Hachiman:Hachiman_I,Other:DMS_other,Other:PDC-M14,Other:PDC-M46,Other:PDC-S05,Other:PDC-S07,Other:PDC-S30,PD-T4-6:PD-T4-6,RM:RM_II,RM:RM_III,RM:RM_IV,RosmerTA:RosmerTA,Thoeris:Theoris_other,tmn:tmn-alpha",7
PRO_com_571,4,4,1,BAC_com_7,"AbiE:AbiE,CRISPR-Cas:CAS_Class1-IV,DRT:DRT_other,Gabija:Gabija,Other:DMS_other,Other:PDC-S07,PD-T4-6:PD-T4-6,RM:RM_I,RM:RM_IV,Septu:Septu_other,Thoeris:Theoris_other",1
PRO_com_606,4,4,1,BAC_com_211,"Abi2DF:Abi2DF,AbiE:AbiE,AbiH:AbiH,CRISPR-Cas:CAS_Class1-I-C,CRISPR-Cas:CAS_Class1-IV,DRT:DRT_other,Gabija:Gabija,MazEF:MazEF,Mokosh:Mokosh_II,Other:DMS_other,Other:PDC-S04,Other:PDC-S07,Other:PDC-S13,Other:PDC-S14,Other:PDC-S32,PD-T4-6:PD-T4-6,PD-T4-9:PD-T4-9,Paris:Paris,RM:RM_I,RM:RM_II,RM:RM_IIG,RM:RM_IV,Thoeris:Theoris_other,type_unresolved:subtype_unresolved",10
PRO_com_607,4,4,1,BAC_com_211,"Abi2DF:Abi2DF,AbiE:AbiE,AbiH:AbiH,CRISPR-Cas:CAS_Class1-I-C,CRISPR-Cas:CAS_Class1-IV,DRT:DRT_other,Gabija:Gabija,MazEF:MazEF,Mokosh:Mokosh_II,Other:DMS_other,Other:PDC-S04,Other:PDC-S07,Other:PDC-S13,Other:PDC-S14,Other:PDC-S32,PD-T4-6:PD-T4-6,PD-T4-9:PD-T4-9,Paris:Paris,RM:RM_I,RM:RM_II,RM:RM_IIG,RM:RM_IV,Thoeris:Theoris_other,type_unresolved:subtype_unresolved",10
PRO_com_608,4,4,1,BAC_com_211,"Abi2DF:Abi2DF,AbiE:AbiE,AbiH:AbiH,CRISPR-Cas:CAS_Class1-I-C,CRISPR-Cas:CAS_Class1-IV,DRT:DRT_other,Gabija:Gabija,MazEF:MazEF,Mokosh:Mokosh_II,Other:DMS_other,Other:PDC-S04,Other:PDC-S07,Other:PDC-S13,Other:PDC-S14,Other:PDC-S32,PD-T4-6:PD-T4-6,PD-T4-9:PD-T4-9,Paris:Paris,RM:RM_I,RM:RM_II,RM:RM_IIG,RM:RM_IV,Thoeris:Theoris_other,type_unresolved:subtype_unresolved",10
PRO_com_83,4,4,1,BAC_com_26,"AbiE:AbiE,CRISPR-Cas:CAS_Class1-IV,DRT:DRT_other,Gabija:Gabija,Other:DMS_other,Other:PDC-S04,Other:PDC-S07,Other:PDC-S15,PD-T4-6:PD-T4-6,RM:RM_I,RM:RM_II,RM:RM_III,RM:RM_IV,SoFIC:SoFIC,Thoeris:Theoris_other",3
PRO_com_91,4,4,1,BAC_com_37,"Abi2DF:Abi2DF,AbiE:AbiE,CRISPR-Cas:CAS_Class1-IV,DRT:DRT_other,Gabija:Gabija,Other:DMS_other,Other:PDC-S04,Other:PDC-S07,Other:PDC-S13,Other:PDC-S14,PD-T4-6:PD-T4-6,RM:RM_I,RM:RM_II,RM:RM_IIG,RM:RM_III,RM:RM_IV,SoFIC:SoFIC,Thoeris:Theoris_other,tmn:tmn-beta,type_unresolved:subtype_unresolved",5
PRO_com_12,3,3,1,BAC_com_5,"Abi2DF:Abi2DF,AbiE:AbiE,CBASS:CBASS_II,CRISPR-Cas:CAS_Class1-IV,DRT:DRT_other,Gabija:Gabija,Hachiman:Hachiman_I,Other:DMS_other,Other:PDC-M46,Other:PDC-S04,Other:PDC-S07,Other:PDC-S30,PD-T4-6:PD-T4-6,Paris:Paris,RM:RM_I,RM:RM_II,RM:RM_III,RM:RM_IV,SoFIC:SoFIC,Thoeris:Theoris_other,type_unresolved:subtype_unresolved",3
PRO_com_13,3,3,1,BAC_com_0,"Abi2DF:Abi2DF,CRISPR-Cas:CAS_Class1-IV,CRISPR-Cas:CAS_Class2_II-A,CRISPR-Cas:subtype_unresolved,DRT:DRT_other,Gabija:Gabija,Hna:Hna,Other:DMS_other,Other:PDC-S04,Other:PDC-S05,Other:PDC-S07,Other:PDC-S30,PD-T4-6:PD-T4-6,RM:RM_I,RM:RM_IV,RosmerTA:RosmerTA,Thoeris:Theoris_other,type_unresolved:subtype_unresolved",1
PRO_com_142,3,3,1,BAC_com_3,"Abi2DF:Abi2DF,CRISPR-Cas:CAS_Class1-IV,DRT:DRT_other,Gabija:Gabija,Ogmios:Ogmios,Other:DMS_other,Other:PDC-M46,Other:PDC-S04,Other:PDC-S07,Other:PDC-S11,PD-T4-6:PD-T4-6,Paris:Paris,RM:RM_I,RM:RM_II,RM:RM_III,RM:RM_IV,RosmerTA:RosmerTA,SoFIC:SoFIC,Thoeris:Theoris_other",1
PRO_com_158,3,3,1,BAC_com_56,"AbiE:AbiE,CRISPR-Cas:CAS_Class1-I-C,CRISPR-Cas:CAS_Class1-IV,DRT:DRT_other,Gabija:Gabija,Lamassu:Lamassu,Mokosh:Mokosh_II,Ogmios:Ogmios,Other:DMS_other,Other:PDC-S02,Other:PDC-S04,Other:PDC-S07,Other:PDC-S19,PD-T4-6:PD-T4-6,PD-T7-2:PD-T7-2,RM:RM_II,RM:RM_III,RM:RM_IV,Thoeris:Theoris_other,Thoeris:Thoeris_IV,Uzume:Uzume",9
PRO_com_171,3,3,1,BAC_com_34,"Abi2DF:Abi2DF,Aditi:Aditi,CBASS:CBASS_I,CRISPR-Cas:CAS_Class1-IV,DRT:DRT_other,Gabija:Gabija,Gao_Mza:Gao_Mza,Kiwa:Kiwa,Ogmios:Ogmios,Other:DMS_other,Other:PDC-S02,Other:PDC-S04,Other:PDC-S07,Other:PDC-S22,Other:PDC-S42,Other:PDC-S73,PD-T4-6:PD-T4-6,RM:RM_I,RM:RM_II,RM:RM_IIG,RM:RM_IV,RloC:RloC,Thoeris:Theoris_other",7
PRO_com_185,3,3,1,BAC_com_53,"Abi2DF:Abi2DF,AbiE:AbiE,CRISPR-Cas:CAS_Class1-IV,DRT:DRT_other,Gabija:Gabija,Other:DMS_other,Other:PDC-S04,Other:PDC-S07,Other:PDC-S14,Other:PDC-S35,PD-T4-6:PD-T4-6,RM:RM_I,RM:RM_II,RM:RM_IIG,RM:RM_III,RM:RM_IV,SoFIC:SoFIC,Stk2:Stk2,Thoeris:Theoris_other,Thoeris:Thoeris_I,tmn:tmn-beta",5
PRO_com_188,3,3,1,BAC_com_3,"Abi2DF:Abi2DF,AbiE:AbiE,CBASS:CBASS_II,CRISPR-Cas:CAS_Class1-IV,Gabija:Gabija,Ogmios:Ogmios,Other:DMS_other,Other:PDC-M46,Other:PDC-S04,Other:PDC-S07,Other:PDC-S11,PD-T4-6:PD-T4-6,Paris:Paris,RM:RM_I,RM:RM_II,RM:RM_III,RM:RM_IV,RosmerTA:RosmerTA,SoFIC:SoFIC,Stk2:Stk2,Thoeris:Theoris_other",4
PRO_com_191,3,3,1,BAC_com_37,"Abi2DF:Abi2DF,AbiE:AbiE,CRISPR-Cas:CAS_Class1-IV,DRT:DRT_other,Gabija:Gabija,Other:DMS_other,Other:PDC-S04,Other:PDC-S07,Other:PDC-S13,Other:PDC-S14,PD-T4-6:PD-T4-6,RM:RM_I,RM:RM_II,RM:RM_IIG,RM:RM_III,RM:RM_IV,SoFIC:SoFIC,Thoeris:Theoris_other,tmn:tmn-beta,type_unresolved:subtype_unresolved",3
PRO_com_205,3,3,1,BAC_com_74,"AbiE:AbiE,AbiH:AbiH,CRISPR-Cas:CAS_Class1-I-C,CRISPR-Cas:CAS_Class1-IV,DRT:DRT_other,Gabija:Gabija,Mokosh:Mokosh_II,Other:DMS_other,Other:PDC-S02,Other:PDC-S04,Other:PDC-S05,Other:PDC-S07,Other:PDC-S13,Other:PDC-S14,Other:PDC-S32,Other:PDC-S35,PD-T4-6:PD-T4-6,Paris:Paris,RM:RM_I,RM:RM_II,RM:RM_IIG,RM:RM_IV,SoFIC:SoFIC,Thoeris:Theoris_other,Thoeris:Thoeris_I,tmn:tmn-beta",9
PRO_com_232,3,3,1,BAC_com_2,"Abi2DF:Abi2DF,AbiE:AbiE,CRISPR-Cas:CAS_Class1-IV,DRT:DRT_other,Gabija:Gabija,Ogmios:Ogmios,Other:DMS_other,Other:PDC-S07,Other:PDC-S30,Other:PDC-S50,PD-T4-6:PD-T4-6,RM:RM_I,RM:RM_III,RM:RM_IV,RosmerTA:RosmerTA,Thoeris:Theoris_other,tmn:tmn-alpha",0
PRO_com_233,3,3,1,BAC_com_2,"AbiE:AbiE,CRISPR-Cas:CAS_Class1-IV,DRT:DRT_other,Gabija:Gabija,Ogmios:Ogmios,Other:DMS_other,Other:PDC-S07,Other:PDC-S30,PD-Lambda-1:PD-Lambda-1,PD-T4-6:PD-T4-6,RM:RM_I,RM:RM_III,RM:RM_IV,RosmerTA:RosmerTA,Thoeris:Theoris_other,tmn:tmn-alpha",1
PRO_com_249,3,3,1,BAC_com_3,"Aditi:Aditi,CRISPR-Cas:CAS_Class1-IV,CRISPR-Cas:CAS_Class2_II-A,CRISPR-Cas:subtype_unresolved,DRT:DRT_other,Gabija:Gabija,Other:DMS_other,Other:PDC-S04,Other:PDC-S07,Other:PDC-S11,Other:PDC-S22,PD-T4-6:PD-T4-6,RM:RM_I,RM:RM_II,RM:RM_IV,RosmerTA:RosmerTA,Thoeris:Theoris_other",0
PRO_com_256,3,3,1,BAC_com_95,"CRISPR-Cas:CAS_Class1-IV,CRISPR-Cas:CAS_Class2_II-A,CRISPR-Cas:CAS_other,CRISPR-Cas:subtype_unresolved,Gabija:Gabija,Other:DMS_other,Other:PDC-S04,Other:PDC-S07,PD-T7-2:PD-T7-2,RM:RM_II,RM:RM_IIG,RM:RM_IV,Thoeris:Theoris_other",5
PRO_com_276,3,3,1,BAC_com_110,"Abi2DF:Abi2DF,AbiE:AbiE,CRISPR-Cas:CAS_Class1-IV,DRT:DRT_other,Gabija:Gabija,Lamassu:Lamassu,Other:DMS_other,Other:PDC-S07,PD-T4-6:PD-T4-6,PD-T4-9:PD-T4-9,RM:RM_I,RM:RM_II,RM:RM_IIG,RM:RM_III,RM:RM_IV,Thoeris:Theoris_other",2
PRO_com_279,3,3,1,BAC_com_41,"Abi2DF:Abi2DF,AbiH:AbiH,CRISPR-Cas:CAS_Class1-IV,DRT:DRT_other,Gabija:Gabija,Lamassu:Lamassu,Other:DMS_other,Other:PDC-M67,Other:PDC-S04,Other:PDC-S05,Other:PDC-S07,Other:PDC-S13,Other:PDC-S14,Other:PDC-S30,PD-T4-6:PD-T4-6,Paris:Paris,PrrC:PrrC,RM:RM_I,RM:RM_II,RM:RM_III,RM:RM_IV,SoFIC:SoFIC,Stk2:Stk2,Thoeris:Theoris_other,Uzume:Uzume,VP-number:VP1853",9
PRO_com_291,3,3,1,BAC_com_2,"AbiE:AbiE,CRISPR-Cas:CAS_Class1-IV,DRT:DRT_other,Gabija:Gabija,Ogmios:Ogmios,Other:DMS_other,Other:PDC-S07,Other:PDC-S30,Other:PDC-S50,PD-T4-6:PD-T4-6,RM:RM_I,RM:RM_III,RM:RM_IV,RosmerTA:RosmerTA,Thoeris:Theoris_other,tmn:tmn-alpha",0
PRO_com_302,3,3,1,BAC_com_41,"AbiH:AbiH,CRISPR-Cas:CAS_Class1-IV,DRT:DRT_other,Gabija:Gabija,Lamassu:Lamassu,Other:DMS_other,Other:PDC-S04,Other:PDC-S05,Other:PDC-S07,Other:PDC-S13,Other:PDC-S14,Other:PDC-S30,PD-T4-6:PD-T4-6,RM:RM_I,RM:RM_II,RM:RM_III,RM:RM_IV,SoFIC:SoFIC,Thoeris:Theoris_other,VP-number:VP1853",8
PRO_com_316,3,3,1,BAC_com_2,"AbiE:AbiE,CRISPR-Cas:CAS_Class1-IV,DRT:DRT_other,Gabija:Gabija,Ogmios:Ogmios,Other:DMS_other,Other:PDC-S07,Other:PDC-S30,PD-T4-6:PD-T4-6,RM:RM_I,RM:RM_III,RM:RM_IV,RosmerTA:RosmerTA,Thoeris:Theoris_other,tmn:tmn-alpha",0
PRO_com_351,3,3,1,BAC_com_134,"Abi2DF:Abi2DF,CRISPR-Cas:CAS_Class1-IV,DRT:DRT_other,Gabija:Gabija,Other:DMS_other,Other:PDC-S02,Other:PDC-S05,Other:PDC-S07,Other:PDC-S47,PD-T4-6:PD-T4-6,RM:RM_I,RM:RM_II,RM:RM_IIG,RM:RM_IV,RloC:RloC,Thoeris:Theoris_other",5
PRO_com_366,3,3,1,BAC_com_92,"Abi2DF:Abi2DF,AbiE:AbiE,AbiG:AbiG,CRISPR-Cas:CAS_Class1-IV,CRISPR-Cas:CAS_Class2_II-A,CRISPR-Cas:subtype_unresolved,DRT:DRT_Class2,DRT:DRT_other,Gabija:Gabija,Gao_ietAS:Gao_ietAS,Ogmios:Ogmios,Other:DMS_other,Other:PDC-M14,Other:PDC-S05,Other:PDC-S07,Other:PDC-S30,Other:PDC-S50,PD-T4-6:PD-T4-6,RM:RM_I,RM:RM_II,RM:RM_III,RM:RM_IV,SoFIC:SoFIC,Thoeris:Theoris_other,type_unresolved:subtype_unresolved",4
PRO_com_377,3,3,1,BAC_com_143,"Abi2DF:Abi2DF,AbiE:AbiE,AbiG:AbiG,AbiH:AbiH,AbiN:AbiN,Aditi:Aditi,CRISPR-Cas:CAS_Class1-IV,DRT:DRT_other,Gabija:Gabija,MazEF:MazEF,Other:DMS_other,Other:PDC-M11,Other:PDC-S04,Other:PDC-S05,Other:PDC-S07,Other:PDC-S13,PD-T4-6:PD-T4-6,Paris:Paris,RM:RM_I,RM:RM_II,RM:RM_IIG,RM:RM_III,RM:RM_IV,RnlAB:RnlAB,Thoeris:Theoris_other,type_unresolved:subtype_unresolved",7
PRO_com_460,3,3,1,BAC_com_2,"AbiE:AbiE,Belisama:Belisama,CRISPR-Cas:CAS_Class1-IV,DRT:DRT_other,Gabija:Gabija,Other:DMS_other,Other:PDC-S04,Other:PDC-S07,Other:PDC-S50,PD-T4-6:PD-T4-6,RM:RM_I,RM:RM_II,RM:RM_III,RM:RM_IV,RosmerTA:RosmerTA,Thoeris:Theoris_other",1
PRO_com_466,3,3,1,BAC_com_3,"Abi2DF:Abi2DF,Aditi:Aditi,CRISPR-Cas:CAS_Class1-IV,CRISPR-Cas:CAS_Class2_II-A,CRISPR-Cas:subtype_unresolved,DRT:DRT_other,Gabija:Gabija,Other:DMS_other,Other:PDC-S04,Other:PDC-S05,Other:PDC-S07,Other:PDC-S11,PD-T4-6:PD-T4-6,RM:RM_I,RM:RM_II,RM:RM_IV,RosmerTA:RosmerTA,Thoeris:Theoris_other",0
PRO_com_468,3,3,1,BAC_com_5,"Abi2DF:Abi2DF,AbiE:AbiE,CBASS:CBASS_II,CRISPR-Cas:CAS_Class1-IV,DRT:DRT_other,Gabija:Gabija,Hachiman:Hachiman_I,Other:DMS_other,Other:PDC-M46,Other:PDC-S04,Other:PDC-S07,Other:PDC-S30,PD-Lambda-1:PD-Lambda-1,PD-T4-6:PD-T4-6,Paris:Paris,RM:RM_I,RM:RM_II,RM:RM_III,RM:RM_IV,SoFIC:SoFIC,Thoeris:Theoris_other,type_unresolved:subtype_unresolved",4
PRO_com_469,3,3,1,BAC_com_5,"Abi2DF:Abi2DF,AbiE:AbiE,CBASS:CBASS_II,CRISPR-Cas:CAS_Class1-IV,DRT:DRT_other,Gabija:Gabija,Hachiman:Hachiman_I,Other:DMS_other,Other:PDC-M46,Other:PDC-S04,Other:PDC-S07,Other:PDC-S30,PD-Lambda-1:PD-Lambda-1,PD-T4-6:PD-T4-6,Paris:Paris,RM:RM_I,RM:RM_II,RM:RM_III,RM:RM_IV,SoFIC:SoFIC,Thoeris:Theoris_other,type_unresolved:subtype_unresolved",4
PRO_com_470,3,3,1,BAC_com_5,"Abi2DF:Abi2DF,AbiE:AbiE,CBASS:CBASS_II,CRISPR-Cas:CAS_Class1-IV,DRT:DRT_other,Gabija:Gabija,Hachiman:Hachiman_I,Other:DMS_other,Other:PDC-M46,Other:PDC-S04,Other:PDC-S07,Other:PDC-S30,PD-Lambda-1:PD-Lambda-1,PD-T4-6:PD-T4-6,Paris:Paris,RM:RM_I,RM:RM_II,RM:RM_III,RM:RM_IV,SoFIC:SoFIC,Thoeris:Theoris_other,type_unresolved:subtype_unresolved",4
PRO_com_471,3,3,1,BAC_com_5,"Abi2DF:Abi2DF,AbiE:AbiE,CBASS:CBASS_II,CRISPR-Cas:CAS_Class1-IV,DRT:DRT_other,Gabija:Gabija,Hachiman:Hachiman_I,Other:DMS_other,Other:PDC-M46,Other:PDC-S04,Other:PDC-S07,Other:PDC-S30,PD-Lambda-1:PD-Lambda-1,PD-T4-6:PD-T4-6,Paris:Paris,RM:RM_I,RM:RM_II,RM:RM_III,RM:RM_IV,SoFIC:SoFIC,Thoeris:Theoris_other,type_unresolved:subtype_unresolved",4
PRO_com_51,3,3,1,BAC_com_3,"Abi2DF:Abi2DF,Aditi:Aditi,CRISPR-Cas:CAS_Class1-IV,CRISPR-Cas:CAS_Class2_II-A,CRISPR-Cas:subtype_unresolved,DRT:DRT_other,Gabija:Gabija,Other:DMS_other,Other:PDC-S04,Other:PDC-S07,Other:PDC-S11,Other:PDC-S22,PD-T4-6:PD-T4-6,RM:RM_I,RM:RM_II,RM:RM_IV,RosmerTA:RosmerTA,Thoeris:Theoris_other",0
PRO_com_520,3,3,1,BAC_com_178,"CRISPR-Cas:CAS_Class1-IV,DRT:DRT_other,Gabija:Gabija,Other:DMS_other,Other:PDC-M24,Other:PDC-M62,Other:PDC-S04,Other:PDC-S05,Other:PDC-S07,PD-T4-6:PD-T4-6,RM:RM_I,RM:RM_II,RM:RM_IV,Septu:Septu_other,Thoeris:Theoris_other",3
PRO_com_541,3,3,1,BAC_com_113,"CRISPR-Cas:CAS_Class1-IV,DRT:DRT_other,Gabija:Gabija,Gao_Ppl:Gao_Ppl,Other:DMS_other,Other:PDC-M01,Other:PDC-M62,Other:PDC-S07,PD-T4-6:PD-T4-6,RM:RM_II,RM:RM_III,RM:RM_IV,Septu:Septu_other,Thoeris:Theoris_other,type_unresolved:subtype_unresolved",6
PRO_com_588,3,3,1,BAC_com_5,"Abi2DF:Abi2DF,CBASS:CBASS_II,CRISPR-Cas:CAS_Class1-IV,DRT:DRT_other,Gabija:Gabija,Hachiman:Hachiman_I,Other:DMS_other,Other:PDC-M46,Other:PDC-S04,Other:PDC-S07,Other:PDC-S13,Other:PDC-S30,PD-T4-6:PD-T4-6,Paris:Paris,RM:RM_I,RM:RM_III,RM:RM_IV,SoFIC:SoFIC,Thoeris:Theoris_other,type_unresolved:subtype_unresolved",4
PRO_com_60,3,3,1,BAC_com_25,"CRISPR-Cas:CAS_Class1-IV,CRISPR-Cas:CAS_Class2_II-A,CRISPR-Cas:subtype_unresolved,DRT:DRT_other,Gabija:Gabija,Lamassu:Lamassu,Other:DMS_other,Other:HEC-06,Other:PDC-S04,Other:PDC-S05,Other:PDC-S07,PD-T4-6:PD-T4-6,RM:RM_II,RM:RM_IIG,RM:RM_III,RM:RM_IV,Retron:Retron_I_C,RosmerTA:RosmerTA,Thoeris:Theoris_other,type_unresolved:subtype_unresolved",4
PRO_com_64,3,3,1,BAC_com_2,"AbiE:AbiE,CRISPR-Cas:CAS_Class1-IV,DRT:DRT_other,Gabija:Gabija,Other:DMS_other,Other:PDC-S04,Other:PDC-S07,Other:PDC-S50,PD-T4-6:PD-T4-6,RM:RM_I,RM:RM_II,RM:RM_III,RM:RM_IV,RosmerTA:RosmerTA,Thoeris:Theoris_other,Thoeris:Thoeris_I",1
PRO_com_105,2,2,1,BAC_com_42,"Abi2DF:Abi2DF,AbiE:AbiE,AbiH:AbiH,AbiZ:AbiZ,CRISPR-Cas:CAS_Class1-IV,DRT:DRT_other,Detocs:Detocs,Gabija:Gabija,Other:DMS_other,Other:PDC-S02,Other:PDC-S04,Other:PDC-S05,Other:PDC-S07,Other:PDC-S13,Other:PDC-S14,Other:PDC-S30,Other:PDC-S32,PD-T4-6:PD-T4-6,PD-T4-9:PD-T4-9,Paris:Paris,RM:RM_I,RM:RM_II,RM:RM_IIG,RM:RM_IV,Retron:Retron_I_A,SoFIC:SoFIC,Thoeris:Theoris_other",0
PRO_com_11,2,2,1,BAC_com_5,"Abi2DF:Abi2DF,CBASS:CBASS_II,CRISPR-Cas:CAS_Class1-IV,DRT:DRT_other,Gabija:Gabija,Hachiman:Hachiman_I,Other:DMS_other,Other:PDC-M46,Other:PDC-S04,Other:PDC-S07,Other:PDC-S30,PD-T4-6:PD-T4-6,Paris:Paris,RM:RM_I,RM:RM_II,RM:RM_III,RM:RM_IV,SoFIC:SoFIC,Thoeris:Theoris_other,type_unresolved:subtype_unresolved",0
PRO_com_118,2,2,1,BAC_com_2,"AbiE:AbiE,CRISPR-Cas:CAS_Class1-I-C,CRISPR-Cas:CAS_Class1-IV,DRT:DRT_other,Gabija:Gabija,Other:DMS_other,Other:PDC-S04,Other:PDC-S05,Other:PDC-S07,Other:PDC-S16,PD-T4-6:PD-T4-6,RM:RM_I,RM:RM_II,RM:RM_IIG,RM:RM_III,RM:RM_IV,RosmerTA:RosmerTA,Thoeris:Theoris_other",0
PRO_com_120,2,2,1,BAC_com_2,"AbiE:AbiE,CBASS:CBASS_II,CRISPR-Cas:CAS_Class1-I-C,CRISPR-Cas:CAS_Class1-IV,DRT:DRT_other,Gabija:Gabija,Other:DMS_other,Other:PDC-S04,Other:PDC-S05,Other:PDC-S07,Other:PDC-S16,PD-T4-6:PD-T4-6,RM:RM_I,RM:RM_II,RM:RM_IIG,RM:RM_III,RM:RM_IV,RosmerTA:RosmerTA,Thoeris:Theoris_other",0
PRO_com_121,2,2,1,BAC_com_44,"AbiE:AbiE,CRISPR-Cas:CAS_Class1-IV,CRISPR-Cas:CAS_Class2_II-A,CRISPR-Cas:subtype_unresolved,DRT:DRT_other,Gabija:Gabija,Other:DMS_other,Other:PDC-S04,Other:PDC-S05,Other:PDC-S07,PD-T4-6:PD-T4-6,RM:RM_II,RM:RM_IIG,RM:RM_IV,RosmerTA:RosmerTA,ShosTA:ShosTA,Thoeris:Theoris_other",0
PRO_com_122,2,2,1,BAC_com_44,"AbiE:AbiE,CRISPR-Cas:CAS_Class1-IV,CRISPR-Cas:CAS_Class2_II-A,CRISPR-Cas:subtype_unresolved,DRT:DRT_other,Gabija:Gabija,Other:DMS_other,Other:PDC-S04,Other:PDC-S05,Other:PDC-S07,PD-T4-6:PD-T4-6,RM:RM_II,RM:RM_IIG,RM:RM_IV,RosmerTA:RosmerTA,ShosTA:ShosTA,Thoeris:Theoris_other",0
PRO_com_135,2,2,1,BAC_com_2,"Abi2DF:Abi2DF,AbiE:AbiE,CRISPR-Cas:CAS_Class1-I-C,CRISPR-Cas:CAS_Class1-IV,DRT:DRT_other,Gabija:Gabija,Other:DMS_other,Other:PDC-S04,Other:PDC-S05,Other:PDC-S07,PD-T4-6:PD-T4-6,RM:RM_I,RM:RM_II,RM:RM_IIG,RM:RM_III,RM:RM_IV,RosmerTA:RosmerTA,Thoeris:Theoris_other",0
PRO_com_136,2,2,1,BAC_com_2,"AbiE:AbiE,CBASS:CBASS_II,CRISPR-Cas:CAS_Class1-I-C,CRISPR-Cas:CAS_Class1-IV,DRT:DRT_other,Gabija:Gabija,Other:DMS_other,Other:PDC-S04,Other:PDC-S05,Other:PDC-S07,PD-T4-6:PD-T4-6,RM:RM_I,RM:RM_II,RM:RM_IIG,RM:RM_III,RM:RM_IV,RosmerTA:RosmerTA,Thoeris:Theoris_other",0
PRO_com_14,2,2,1,BAC_com_0,"Abi2DF:Abi2DF,CRISPR-Cas:CAS_Class1-IV,CRISPR-Cas:CAS_Class2_II-A,CRISPR-Cas:subtype_unresolved,DRT:DRT_other,Gabija:Gabija,Hna:Hna,Other:DMS_other,Other:PDC-S04,Other:PDC-S05,Other:PDC-S07,Other:PDC-S30,PD-T4-6:PD-T4-6,RM:RM_I,RM:RM_IV,RosmerTA:RosmerTA,Thoeris:Theoris_other,type_unresolved:subtype_unresolved",0
PRO_com_156,2,2,1,BAC_com_56,"AbiE:AbiE,CRISPR-Cas:CAS_Class1-I-C,CRISPR-Cas:CAS_Class1-IV,DRT:DRT_other,Gabija:Gabija,Gao_ietAS:Gao_ietAS,Lamassu:Lamassu,Mokosh:Mokosh_II,Ogmios:Ogmios,Other:DMS_other,Other:PDC-M14,Other:PDC-S02,Other:PDC-S04,Other:PDC-S07,Other:PDC-S19,Other:PDC-S30,PD-T4-6:PD-T4-6,PD-T7-2:PD-T7-2,RM:RM_II,RM:RM_IIG,RM:RM_III,RM:RM_IV,Thoeris:Theoris_other,Thoeris:Thoeris_IV,Uzume:Uzume",0
PRO_com_157,2,2,1,BAC_com_56,"AbiE:AbiE,CRISPR-Cas:CAS_Class1-I-C,CRISPR-Cas:CAS_Class1-IV,DRT:DRT_other,Gabija:Gabija,Gao_ietAS:Gao_ietAS,Lamassu:Lamassu,Mokosh:Mokosh_II,Ogmios:Ogmios,Other:DMS_other,Other:PDC-M14,Other:PDC-S02,Other:PDC-S04,Other:PDC-S07,Other:PDC-S19,Other:PDC-S30,PD-T4-6:PD-T4-6,PD-T7-2:PD-T7-2,RM:RM_II,RM:RM_IIG,RM:RM_III,RM:RM_IV,Thoeris:Theoris_other,Thoeris:Thoeris_IV,Uzume:Uzume",0
PRO_com_165,2,2,1,BAC_com_53,"Abi2DF:Abi2DF,AbiE:AbiE,CRISPR-Cas:CAS_Class1-IV,DRT:DRT_other,Gabija:Gabija,Other:DMS_other,Other:PDC-S04,Other:PDC-S07,Other:PDC-S13,PD-T4-6:PD-T4-6,RM:RM_I,RM:RM_II,RM:RM_IIG,RM:RM_III,RM:RM_IV,SoFIC:SoFIC,Stk2:Stk2,Thoeris:Theoris_other,Thoeris:Thoeris_I,tmn:tmn-beta,type_unresolved:subtype_unresolved",0
PRO_com_166,2,2,1,BAC_com_63,"AbiE:AbiE,AbiG:AbiG,AbiH:AbiH,AbiR:AbiR,CRISPR-Cas:CAS_Class1-I-C,CRISPR-Cas:CAS_Class1-IV,DRT:DRT_other,Gabija:Gabija,Mokosh:Mokosh_II,Other:DMS_other,Other:PDC-S04,Other:PDC-S07,Other:PDC-S13,Other:PDC-S14,Other:PDC-S35,PD-T4-6:PD-T4-6,Paris:Paris,RM:RM_I,RM:RM_II,RM:RM_IIG,RM:RM_III,RM:RM_IV,SoFIC:SoFIC,Thoeris:Theoris_other,Thoeris:Thoeris_I,Uzume:Uzume",0
PRO_com_168,2,2,1,BAC_com_41,"AbiE:AbiE,AbiH:AbiH,AbiZ:AbiZ,CBASS:CBASS_I,CBASS:CBASS_II,CRISPR-Cas:CAS_Class1-IV,DRT:DRT_other,Gabija:Gabija,Lamassu:Lamassu,Other:DMS_other,Other:PDC-M67,Other:PDC-S04,Other:PDC-S05,Other:PDC-S07,Other:PDC-S14,Other:PDC-S30,PD-T4-6:PD-T4-6,RM:RM_I,RM:RM_II,RM:RM_III,RM:RM_IV,SoFIC:SoFIC,Thoeris:Theoris_other,type_unresolved:subtype_unresolved",0
PRO_com_173,2,2,1,BAC_com_56,"Abi2DF:Abi2DF,AbiE:AbiE,CRISPR-Cas:CAS_Class1-I-C,CRISPR-Cas:CAS_Class1-IV,DRT:DRT_other,Gabija:Gabija,Lamassu:Lamassu,Mokosh:Mokosh_II,Ogmios:Ogmios,Other:DMS_other,Other:PDC-S02,Other:PDC-S04,Other:PDC-S07,Other:PDC-S19,PD-T4-6:PD-T4-6,PD-T7-2:PD-T7-2,RM:RM_II,RM:RM_III,RM:RM_IV,Thoeris:Theoris_other,Thoeris:Thoeris_IV,Uzume:Uzume",0
PRO_com_174,2,2,1,BAC_com_65,"CRISPR-Cas:CAS_Class1-IV,CRISPR-Cas:CAS_Class2_II-A,CRISPR-Cas:subtype_unresolved,DRT:DRT_other,Gabija:Gabija,Nantosuelta:Nantosuelta,Other:DMS_other,Other:PDC-M46,Other:PDC-S04,Other:PDC-S05,Other:PDC-S07,Other:PDC-S30,Other:PDC-S73,PD-T4-6:PD-T4-6,PD-T7-2:PD-T7-2,RM:RM_I,RM:RM_II,RM:RM_III,RM:RM_IV,Septu:Septu_other,Thoeris:Theoris_other,type_unresolved:subtype_unresolved",0
PRO_com_175,2,2,1,BAC_com_65,"CRISPR-Cas:CAS_Class1-IV,CRISPR-Cas:CAS_Class2_II-A,CRISPR-Cas:subtype_unresolved,DRT:DRT_other,Gabija:Gabija,Nantosuelta:Nantosuelta,Other:DMS_other,Other:PDC-M46,Other:PDC-S04,Other:PDC-S05,Other:PDC-S07,Other:PDC-S30,Other:PDC-S73,PD-T4-6:PD-T4-6,PD-T7-2:PD-T7-2,RM:RM_I,RM:RM_II,RM:RM_III,RM:RM_IV,Septu:Septu_other,Thoeris:Theoris_other,type_unresolved:subtype_unresolved",0
PRO_com_176,2,2,1,BAC_com_65,"CRISPR-Cas:CAS_Class1-IV,CRISPR-Cas:CAS_Class2_II-A,CRISPR-Cas:subtype_unresolved,DRT:DRT_other,Gabija:Gabija,Nantosuelta:Nantosuelta,Other:DMS_other,Other:PDC-M46,Other:PDC-S04,Other:PDC-S05,Other:PDC-S07,Other:PDC-S30,Other:PDC-S73,PD-T4-6:PD-T4-6,PD-T7-2:PD-T7-2,RM:RM_I,RM:RM_II,RM:RM_III,RM:RM_IV,Septu:Septu_other,Thoeris:Theoris_other,type_unresolved:subtype_unresolved",0
PRO_com_181,2,2,1,BAC_com_67,"CRISPR-Cas:CAS_Class1-IV,DRT:DRT_other,Gabija:Gabija,Hna:Hna,Other:DMS_other,Other:PDC-S07,Other:PDC-S30,Other:PDC-S73,PD-T4-6:PD-T4-6,RM:RM_I,RM:RM_II,RM:RM_III,RM:RM_IV,SoFIC:SoFIC,Thoeris:Theoris_other,type_unresolved:subtype_unresolved",0
PRO_com_192,2,2,1,BAC_com_37,"Abi2DF:Abi2DF,AbiE:AbiE,CRISPR-Cas:CAS_Class1-IV,DRT:DRT_other,Gabija:Gabija,Other:DMS_other,Other:PDC-S04,Other:PDC-S07,Other:PDC-S13,Other:PDC-S14,Other:PDC-S30,PD-T4-6:PD-T4-6,RM:RM_I,RM:RM_II,RM:RM_IIG,RM:RM_III,RM:RM_IV,SoFIC:SoFIC,Thoeris:Theoris_other,tmn:tmn-beta,type_unresolved:subtype_unresolved",0
PRO_com_195,2,2,1,BAC_com_71,"AbiE:AbiE,CBASS:CBASS_I,CRISPR-Cas:CAS_Class1-I-C,CRISPR-Cas:CAS_Class1-IV,DRT:DRT_other,Gabija:Gabija,Gao_ietAS:Gao_ietAS,Mokosh:Mokosh_II,Ogmios:Ogmios,Other:DMS_other,Other:PDC-M01,Other:PDC-M14,Other:PDC-S02,Other:PDC-S04,Other:PDC-S05,Other:PDC-S07,PD-T4-6:PD-T4-6,PrrC:PrrC,RM:RM_I,RM:RM_II,RM:RM_IV,Thoeris:Theoris_other",0
PRO_com_196,2,2,1,BAC_com_72,"AbiE:AbiE,CRISPR-Cas:CAS_Class1-I-C,CRISPR-Cas:CAS_Class1-IV,DRT:DRT_other,Gabija:Gabija,Kiwa:Kiwa,Other:DMS_other,Other:PDC-S04,Other:PDC-S07,PD-T4-6:PD-T4-6,RM:RM_I,RM:RM_II,RM:RM_IV,Thoeris:Theoris_other",0
PRO_com_197,2,2,1,BAC_com_72,"AbiE:AbiE,CRISPR-Cas:CAS_Class1-I-C,CRISPR-Cas:CAS_Class1-IV,DRT:DRT_other,Gabija:Gabija,Kiwa:Kiwa,Other:DMS_other,Other:PDC-S04,Other:PDC-S07,PD-T4-6:PD-T4-6,RM:RM_I,RM:RM_II,RM:RM_IV,Thoeris:Theoris_other",0
PRO_com_198,2,2,1,BAC_com_34,"CRISPR-Cas:CAS_Class1-IV,DRT:DRT_other,Gabija:Gabija,Menshen:Menshen_other,Other:DMS_other,Other:PDC-S07,Other:PDC-S22,Other:PDC-S73,PD-T4-6:PD-T4-6,RM:RM_I,RM:RM_II,RM:RM_IV,Thoeris:Theoris_other",0
PRO_com_199,2,2,1,BAC_com_34,"CRISPR-Cas:CAS_Class1-IV,DRT:DRT_other,Gabija:Gabija,Menshen:Menshen_other,Other:DMS_other,Other:PDC-S07,Other:PDC-S22,Other:PDC-S73,PD-T4-6:PD-T4-6,RM:RM_I,RM:RM_II,RM:RM_IV,Thoeris:Theoris_other",0
PRO_com_208,2,2,1,BAC_com_55,"CRISPR-Cas:CAS_Class1-IV,DRT:DRT_other,Gabija:Gabija,Kiwa:Kiwa,Nantosuelta:Nantosuelta,Other:DMS_other,Other:PDC-S05,Other:PDC-S07,PD-T4-6:PD-T4-6,RM:RM_I,RM:RM_II,RM:RM_IIG,RM:RM_IV,Thoeris:Theoris_other",0
PRO_com_216,2,2,1,BAC_com_73,"AbiE:AbiE,Aditi:Aditi,CRISPR-Cas:CAS_Class1-I-C,CRISPR-Cas:CAS_Class1-IV,DRT:DRT_other,Gabija:Gabija,Kiwa:Kiwa,Ogmios:Ogmios,Other:DMS_other,Other:PDC-S04,Other:PDC-S05,Other:PDC-S07,Other:PDC-S22,Other:PDC-S30,Other:PDC-S73,PD-T4-6:PD-T4-6,RM:RM_II,RM:RM_IIG,RM:RM_IV,RosmerTA:RosmerTA,Septu:Septu_other,Stk2:Stk2,Thoeris:Theoris_other,type_unresolved:subtype_unresolved",0
PRO_com_217,2,2,1,BAC_com_73,"AbiE:AbiE,Aditi:Aditi,CRISPR-Cas:CAS_Class1-I-C,CRISPR-Cas:CAS_Class1-IV,DRT:DRT_other,Gabija:Gabija,Kiwa:Kiwa,Ogmios:Ogmios,Other:DMS_other,Other:PDC-S04,Other:PDC-S05,Other:PDC-S07,Other:PDC-S22,Other:PDC-S30,Other:PDC-S73,PD-T4-6:PD-T4-6,RM:RM_II,RM:RM_IIG,RM:RM_IV,RosmerTA:RosmerTA,Septu:Septu_other,Stk2:Stk2,Thoeris:Theoris_other,type_unresolved:subtype_unresolved",0
PRO_com_218,2,2,1,BAC_com_73,"AbiE:AbiE,Aditi:Aditi,CRISPR-Cas:CAS_Class1-I-C,CRISPR-Cas:CAS_Class1-IV,DRT:DRT_other,Gabija:Gabija,Kiwa:Kiwa,Ogmios:Ogmios,Other:DMS_other,Other:PDC-S04,Other:PDC-S05,Other:PDC-S07,Other:PDC-S22,Other:PDC-S30,Other:PDC-S73,PD-T4-6:PD-T4-6,RM:RM_II,RM:RM_IIG,RM:RM_IV,RosmerTA:RosmerTA,Septu:Septu_other,Stk2:Stk2,Thoeris:Theoris_other,type_unresolved:subtype_unresolved",0
PRO_com_223,2,2,1,BAC_com_53,"Abi2DF:Abi2DF,AbiE:AbiE,CRISPR-Cas:CAS_Class1-I-C,CRISPR-Cas:CAS_Class1-IV,DRT:DRT_other,Gabija:Gabija,Other:DMS_other,Other:PDC-S04,Other:PDC-S07,Other:PDC-S13,Other:PDC-S14,Other:PDC-S35,PD-T4-6:PD-T4-6,RM:RM_I,RM:RM_II,RM:RM_IIG,RM:RM_III,RM:RM_IV,SoFIC:SoFIC,Stk2:Stk2,Thoeris:Theoris_other,tmn:tmn-beta,type_unresolved:subtype_unresolved",0
PRO_com_224,2,2,1,BAC_com_53,"Abi2DF:Abi2DF,AbiE:AbiE,CRISPR-Cas:CAS_Class1-I-C,CRISPR-Cas:CAS_Class1-IV,DRT:DRT_other,Gabija:Gabija,Other:DMS_other,Other:PDC-S04,Other:PDC-S07,Other:PDC-S13,Other:PDC-S14,Other:PDC-S35,PD-T4-6:PD-T4-6,RM:RM_I,RM:RM_II,RM:RM_IIG,RM:RM_III,RM:RM_IV,SoFIC:SoFIC,Stk2:Stk2,Thoeris:Theoris_other,tmn:tmn-beta,type_unresolved:subtype_unresolved",0
PRO_com_24,2,2,1,BAC_com_2,"Abi2DF:Abi2DF,CRISPR-Cas:CAS_Class1-I-C,CRISPR-Cas:CAS_Class1-IV,DRT:DRT_other,Gabija:Gabija,Ogmios:Ogmios,Other:DMS_other,Other:PDC-S04,Other:PDC-S07,Other:PDC-S30,PD-T4-6:PD-T4-6,Paris:Paris,RM:RM_I,RM:RM_II,RM:RM_III,RM:RM_IV,RosmerTA:RosmerTA,Thoeris:Theoris_other",0
PRO_com_25,2,2,1,BAC_com_2,"Abi2DF:Abi2DF,CRISPR-Cas:CAS_Class1-I-C,CRISPR-Cas:CAS_Class1-IV,DRT:DRT_other,Gabija:Gabija,Ogmios:Ogmios,Other:DMS_other,Other:PDC-S04,Other:PDC-S07,Other:PDC-S30,PD-T4-6:PD-T4-6,Paris:Paris,RM:RM_I,RM:RM_II,RM:RM_III,RM:RM_IV,RosmerTA:RosmerTA,Thoeris:Theoris_other",0
PRO_com_252,2,2,1,BAC_com_52,"CBASS:CBASS_I,CRISPR-Cas:CAS_Class1-I-C,CRISPR-Cas:CAS_Class1-IV,DRT:DRT_other,Gabija:Gabija,Other:DMS_other,Other:PDC-M39,Other:PDC-S04,Other:PDC-S05,Other:PDC-S07,Other:PDC-S11,Other:PDC-S13,PD-T4-6:PD-T4-6,RM:RM_I,RM:RM_II,RM:RM_IIG,RM:RM_III,Thoeris:Theoris_other",0
PRO_com_255,2,2,1,BAC_com_93,"AbiE:AbiE,AbiH:AbiH,CRISPR-Cas:CAS_Class1-I-C,CRISPR-Cas:CAS_Class1-IV,DRT:DRT_other,Gabija:Gabija,Other:DMS_other,Other:PDC-S04,Other:PDC-S05,Other:PDC-S07,Other:PDC-S13,Other:PDC-S30,Other:PDC-S51,Other:PDC-S73,PD-T4-6:PD-T4-6,Paris:Paris,RM:RM_I,RM:RM_II,RM:RM_III,RM:RM_IV,SoFIC:SoFIC,Stk2:Stk2,Thoeris:Theoris_other,Thoeris:Thoeris_I,Uzume:Uzume",0
PRO_com_257,2,2,1,BAC_com_98,"Abi2DF:Abi2DF,AbiE:AbiE,CRISPR-Cas:CAS_Class1-IV,CRISPR-Cas:CAS_Class2_II-A,CRISPR-Cas:subtype_unresolved,DRT:DRT_Class2,DRT:DRT_other,Gabija:Gabija,Ogmios:Ogmios,Other:DMS_other,Other:PDC-M46,Other:PDC-S04,Other:PDC-S05,Other:PDC-S07,Other:PDC-S73,PD-T4-6:PD-T4-6,RM:RM_I,RM:RM_II,RM:RM_III,RM:RM_IV,Thoeris:Theoris_other",0
PRO_com_264,2,2,1,BAC_com_105,"Abi2DF:Abi2DF,AbiG:AbiG,AbiH:AbiH,CRISPR-Cas:CAS_Class1-IV,DRT:DRT_other,Gabija:Gabija,Mokosh:Mokosh_II,Other:DMS_other,Other:PDC-M14,Other:PDC-S02,Other:PDC-S04,Other:PDC-S05,Other:PDC-S07,Other:PDC-S13,Other:PDC-S14,Other:PDC-S32,PD-T4-6:PD-T4-6,Paris:Paris,RM:RM_I,RM:RM_II,RM:RM_IIG,SoFIC:SoFIC,Thoeris:Theoris_other",0
PRO_com_265,2,2,1,BAC_com_105,"Abi2DF:Abi2DF,AbiG:AbiG,AbiH:AbiH,CRISPR-Cas:CAS_Class1-IV,DRT:DRT_other,Gabija:Gabija,Mokosh:Mokosh_II,Other:DMS_other,Other:PDC-M14,Other:PDC-S02,Other:PDC-S04,Other:PDC-S05,Other:PDC-S07,Other:PDC-S13,Other:PDC-S14,Other:PDC-S32,PD-T4-6:PD-T4-6,Paris:Paris,RM:RM_I,RM:RM_II,RM:RM_IIG,SoFIC:SoFIC,Thoeris:Theoris_other",0
PRO_com_274,2,2,1,BAC_com_108,"Abi2DF:Abi2DF,AbiE:AbiE,AbiZ:AbiZ,CRISPR-Cas:CAS_Class1-IV,DRT:DRT_other,Gabija:Gabija,MazEF:MazEF,Other:DMS_other,Other:PDC-S04,Other:PDC-S05,Other:PDC-S07,Other:PDC-S13,Other:PDC-S14,Other:PDC-S30,Other:PDC-S32,Other:PDC-S47,Other:PDC-S50,PD-T4-6:PD-T4-6,PrrC:PrrC,RM:RM_I,RM:RM_II,RM:RM_IIG,RM:RM_III,RM:RM_IV,Septu:Septu_other,SoFIC:SoFIC,Thoeris:Theoris_other,tmn:tmn-beta",0
PRO_com_282,2,2,1,BAC_com_111,"Abi2DF:Abi2DF,AbiE:AbiE,CRISPR-Cas:CAS_Class1-I-C,CRISPR-Cas:CAS_Class1-IV,Gabija:Gabija,MazEF:MazEF,Other:DMS_other,Other:PDC-S04,Other:PDC-S07,PD-T4-6:PD-T4-6,PD-T4-9:PD-T4-9,PD-T7-2:PD-T7-2,RM:RM_I,RM:RM_II,RM:RM_IIG,RM:RM_III,RM:RM_IV,SoFIC:SoFIC,Thoeris:Theoris_other",0
PRO_com_287,2,2,1,BAC_com_2,"Abi2DF:Abi2DF,AbiE:AbiE,CRISPR-Cas:CAS_Class1-IV,DRT:DRT_other,Gabija:Gabija,Ogmios:Ogmios,Other:DMS_other,Other:PDC-S07,Other:PDC-S30,Other:PDC-S50,PD-T4-6:PD-T4-6,RM:RM_I,RM:RM_II,RM:RM_III,RM:RM_IV,RosmerTA:RosmerTA,Thoeris:Theoris_other,tmn:tmn-alpha",0
PRO_com_290,2,2,1,BAC_com_20,"AbiE:AbiE,AbiZ:AbiZ,CRISPR-Cas:CAS_Class1-IV,DRT:DRT_other,Gabija:Gabija,Mokosh:Mokosh_II,Other:DMS_other,Other:PDC-S04,Other:PDC-S05,Other:PDC-S07,Other:PDC-S30,PD-T4-6:PD-T4-6,RM:RM_I,RM:RM_II,RM:RM_IIG,RM:RM_IV,SoFIC:SoFIC,Thoeris:Theoris_other",0
PRO_com_293,2,2,1,BAC_com_114,"AbiE:AbiE,CRISPR-Cas:CAS_Class1-I-C,CRISPR-Cas:CAS_Class1-IV,DRT:DRT_other,Gabija:Gabija,Lamassu:Lamassu,MazEF:MazEF,Mokosh:Mokosh_II,Other:DMS_other,Other:HEC-05,Other:PDC-M50,Other:PDC-S04,Other:PDC-S05,Other:PDC-S07,Other:PDC-S14,Other:PDC-S30,PD-T4-6:PD-T4-6,PD-T4-9:PD-T4-9,Paris:Paris,RM:RM_I,RM:RM_II,RM:RM_IIG,RM:RM_III,RM:RM_IV,SoFIC:SoFIC,Thoeris:Theoris_other,Thoeris:Thoeris_I,type_unresolved:subtype_unresolved",0
PRO_com_294,2,2,1,BAC_com_114,"AbiE:AbiE,CRISPR-Cas:CAS_Class1-I-C,CRISPR-Cas:CAS_Class1-IV,DRT:DRT_other,Gabija:Gabija,Lamassu:Lamassu,MazEF:MazEF,Mokosh:Mokosh_II,Other:DMS_other,Other:HEC-05,Other:PDC-M50,Other:PDC-S04,Other:PDC-S05,Other:PDC-S07,Other:PDC-S14,Other:PDC-S30,PD-T4-6:PD-T4-6,PD-T4-9:PD-T4-9,Paris:Paris,RM:RM_I,RM:RM_II,RM:RM_IIG,RM:RM_III,RM:RM_IV,SoFIC:SoFIC,Thoeris:Theoris_other,Thoeris:Thoeris_I,type_unresolved:subtype_unresolved",0
PRO_com_303,2,2,1,BAC_com_41,"AVAST:AVAST_II,AbiE:AbiE,AbiH:AbiH,AbiZ:AbiZ,CRISPR-Cas:CAS_Class1-IV,DRT:DRT_other,Gabija:Gabija,Lamassu:Lamassu,Menshen:Menshen_other,Mokosh:Mokosh_II,Other:DMS_other,Other:PDC-S04,Other:PDC-S05,Other:PDC-S07,Other:PDC-S14,Other:PDC-S30,Other:PDC-S32,PD-T4-6:PD-T4-6,RM:RM_I,RM:RM_II,RM:RM_III,RM:RM_IV,SoFIC:SoFIC,Thoeris:Theoris_other,VP-number:VP1853",0
PRO_com_31,2,2,1,BAC_com_3,"AVAST:AVAST_II,Abi2DF:Abi2DF,Belisama:Belisama,CRISPR-Cas:CAS_Class1-IV,DRT:DRT_other,Dodola:Dodola,Gabija:Gabija,Gao_ietAS:Gao_ietAS,Ogmios:Ogmios,Other:DMS_other,Other:PDC-M14,Other:PDC-M46,Other:PDC-S04,Other:PDC-S07,Other:PDC-S11,Other:PDC-S13,Other:PDC-S30,PD-T4-6:PD-T4-6,Paris:Paris,RM:RM_I,RM:RM_IIG,RM:RM_III,RM:RM_IV,RosmerTA:RosmerTA,SoFIC:SoFIC,Thoeris:Theoris_other,tmn:tmn-beta",0
PRO_com_317,2,2,1,BAC_com_120,"AbiE:AbiE,AbiH:AbiH,Aditi:Aditi,CRISPR-Cas:CAS_Class1-I-C,CRISPR-Cas:CAS_Class1-IV,DRT:DRT_Class2,DRT:DRT_other,Gabija:Gabija,MazEF:MazEF,Other:DMS_other,Other:PDC-M24,Other:PDC-S04,Other:PDC-S05,Other:PDC-S07,Other:PDC-S13,Other:PDC-S14,Other:PDC-S30,Other:PDC-S47,PD-T4-6:PD-T4-6,PD-T4-9:PD-T4-9,RM:RM_I,RM:RM_II,RM:RM_IIG,RM:RM_III,RM:RM_IV,SoFIC:SoFIC,Thoeris:Theoris_other,Thoeris:Thoeris_I,type_unresolved:subtype_unresolved",0
PRO_com_319,2,2,1,BAC_com_41,"AbiH:AbiH,AbiZ:AbiZ,CRISPR-Cas:CAS_Class1-IV,DRT:DRT_other,Gabija:Gabija,Lamassu:Lamassu,Menshen:Menshen_other,Other:DMS_other,Other:PDC-S04,Other:PDC-S05,Other:PDC-S07,Other:PDC-S14,Other:PDC-S30,Other:PDC-S32,PD-T4-6:PD-T4-6,RM:RM_I,RM:RM_II,RM:RM_III,RM:RM_IV,SoFIC:SoFIC,Thoeris:Theoris_other",0
PRO_com_322,2,2,1,BAC_com_2,"AbiE:AbiE,CRISPR-Cas:CAS_Class1-IV,DRT:DRT_other,Gabija:Gabija,Ogmios:Ogmios,Other:DMS_other,Other:PDC-S07,Other:PDC-S30,PD-T4-6:PD-T4-6,RM:RM_I,RM:RM_III,RM:RM_IV,RosmerTA:RosmerTA,Thoeris:Theoris_other,tmn:tmn-alpha",0
PRO_com_326,2,2,1,BAC_com_122,"AbiE:AbiE,AbiH:AbiH,AbiZ:AbiZ,CRISPR-Cas:CAS_Class1-IV,DRT:DRT_other,Dodola:Dodola,Gabija:Gabija,Other:DMS_other,Other:PDC-S04,Other:PDC-S05,Other:PDC-S07,Other:PDC-S14,Other:PDC-S50,PD-T4-6:PD-T4-6,Paris:Paris,PrrC:PrrC,RM:RM_I,RM:RM_II,RM:RM_IV,RosmerTA:RosmerTA,Septu:Septu_other,SoFIC:SoFIC,Thoeris:Theoris_other,type_unresolved:subtype_unresolved",0
PRO_com_327,2,2,1,BAC_com_117,"AbiE:AbiE,AbiH:AbiH,CBASS:CBASS_I,CBASS:CBASS_II,CRISPR-Cas:CAS_Class1-IV,DRT:DRT_other,Gabija:Gabija,Gao_ietAS:Gao_ietAS,Mokosh:Mokosh_II,Other:DMS_other,Other:PDC-M14,Other:PDC-S04,Other:PDC-S07,Other:PDC-S13,Other:PDC-S30,PD-T4-6:PD-T4-6,RM:RM_II,RM:RM_III,RM:RM_IV,RosmerTA:RosmerTA,Thoeris:Theoris_other",0
PRO_com_328,2,2,1,BAC_com_117,"AbiE:AbiE,AbiH:AbiH,CBASS:CBASS_I,CBASS:CBASS_II,CRISPR-Cas:CAS_Class1-IV,DRT:DRT_other,Gabija:Gabija,Gao_ietAS:Gao_ietAS,Mokosh:Mokosh_II,Other:DMS_other,Other:PDC-M14,Other:PDC-S04,Other:PDC-S07,Other:PDC-S13,Other:PDC-S30,PD-T4-6:PD-T4-6,RM:RM_II,RM:RM_III,RM:RM_IV,RosmerTA:RosmerTA,Thoeris:Theoris_other",0
PRO_com_329,2,2,1,BAC_com_117,"AbiE:AbiE,AbiH:AbiH,CBASS:CBASS_I,CBASS:CBASS_II,CRISPR-Cas:CAS_Class1-IV,DRT:DRT_other,Gabija:Gabija,Gao_ietAS:Gao_ietAS,Mokosh:Mokosh_II,Other:DMS_other,Other:PDC-M14,Other:PDC-S04,Other:PDC-S07,Other:PDC-S13,Other:PDC-S30,PD-T4-6:PD-T4-6,RM:RM_II,RM:RM_III,RM:RM_IV,RosmerTA:RosmerTA,Thoeris:Theoris_other",0
PRO_com_332,2,2,1,BAC_com_2,"AbiE:AbiE,CRISPR-Cas:CAS_Class1-IV,DRT:DRT_other,Gabija:Gabija,Ogmios:Ogmios,Other:DMS_other,Other:PDC-S07,Other:PDC-S30,Other:PDC-S50,PD-T4-6:PD-T4-6,RM:RM_I,RM:RM_III,RM:RM_IV,RosmerTA:RosmerTA,Thoeris:Theoris_other",0
PRO_com_339,2,2,1,BAC_com_126,"Abi2DF:Abi2DF,AbiE:AbiE,CRISPR-Cas:CAS_Class1-IV,DRT:DRT_other,Gabija:Gabija,Lamassu:Lamassu,Other:DMS_other,Other:PDC-M24,Other:PDC-S04,Other:PDC-S07,PD-T4-6:PD-T4-6,Paris:Paris,RM:RM_I,RM:RM_II,RM:RM_III,RM:RM_IV,Thoeris:Theoris_other,Thoeris:Thoeris_I",0
PRO_com_340,2,2,1,BAC_com_45,"Abi2DF:Abi2DF,AbiE:AbiE,CRISPR-Cas:CAS_Class1-IV,DRT:DRT_other,Gabija:Gabija,Other:DMS_other,Other:PDC-S05,Other:PDC-S07,Other:PDC-S30,Other:PDC-S47,Other:PDC-S73,PD-T4-6:PD-T4-6,Paris:Paris,RM:RM_I,RM:RM_II,RM:RM_III,RM:RM_IV,RloC:RloC,Thoeris:Theoris_other",0
PRO_com_348,2,2,1,BAC_com_131,"Abi2DF:Abi2DF,AbiE:AbiE,AbiR:AbiR,CRISPR-Cas:CAS_Class1-I-C,CRISPR-Cas:CAS_Class1-IV,CRISPR-Cas:CAS_Class2_II-A,CRISPR-Cas:subtype_unresolved,DRT:DRT_Type3,DRT:DRT_other,Gabija:Gabija,Other:DMS_other,Other:PDC-S04,Other:PDC-S05,Other:PDC-S07,PD-T4-6:PD-T4-6,RM:RM_I,RM:RM_II,RM:RM_III,RM:RM_IV,Thoeris:Theoris_other",0
PRO_com_349,2,2,1,BAC_com_133,"Abi2DF:Abi2DF,AbiE:AbiE,CRISPR-Cas:CAS_Class1-IV,DRT:DRT_other,Dodola:Dodola,Gabija:Gabija,Other:DMS_other,Other:PDC-S04,Other:PDC-S07,Other:PDC-S15,Other:PDC-S16,Other:PDC-S30,PD-T4-6:PD-T4-6,Paris:Paris,RM:RM_I,RM:RM_II,RM:RM_IIG,RM:RM_III,RM:RM_IV,RosmerTA:RosmerTA,Thoeris:Theoris_other,type_unresolved:subtype_unresolved",0
PRO_com_350,2,2,1,BAC_com_133,"Abi2DF:Abi2DF,AbiE:AbiE,CRISPR-Cas:CAS_Class1-IV,DRT:DRT_other,Dodola:Dodola,Gabija:Gabija,Other:DMS_other,Other:PDC-S04,Other:PDC-S07,Other:PDC-S15,Other:PDC-S16,Other:PDC-S30,PD-T4-6:PD-T4-6,Paris:Paris,RM:RM_I,RM:RM_II,RM:RM_IIG,RM:RM_III,RM:RM_IV,RosmerTA:RosmerTA,Thoeris:Theoris_other,type_unresolved:subtype_unresolved",0
PRO_com_361,2,2,1,BAC_com_26,"Abi2DF:Abi2DF,AbiE:AbiE,CRISPR-Cas:CAS_Class1-IV,DRT:DRT_other,Gabija:Gabija,Ogmios:Ogmios,Other:DMS_other,Other:PDC-S04,Other:PDC-S07,Other:PDC-S15,Other:PDC-S73,PD-T4-6:PD-T4-6,RM:RM_I,RM:RM_II,RM:RM_III,RM:RM_IV,SoFIC:SoFIC,Thoeris:Theoris_other",0
PRO_com_363,2,2,1,BAC_com_34,"AbiE:AbiE,CRISPR-Cas:CAS_Class1-I-C,CRISPR-Cas:CAS_Class1-IV,DRT:DRT_other,Gabija:Gabija,Gao_Mza:Gao_Mza,Ogmios:Ogmios,Other:DMS_other,Other:PDC-S02,Other:PDC-S07,Other:PDC-S25,Other:PDC-S73,PD-T4-6:PD-T4-6,Paris:Paris,RM:RM_II,RM:RM_IV,Thoeris:Theoris_other",0
PRO_com_368,2,2,1,BAC_com_3,"Abi2DF:Abi2DF,AbiE:AbiE,Aditi:Aditi,CRISPR-Cas:CAS_Class1-I-C,CRISPR-Cas:CAS_Class1-IV,CRISPR-Cas:CAS_Class2_II-A,CRISPR-Cas:subtype_unresolved,DRT:DRT_other,Gabija:Gabija,Other:DMS_other,Other:PDC-S04,Other:PDC-S07,Other:PDC-S11,Other:PDC-S13,PD-T4-6:PD-T4-6,RM:RM_I,RM:RM_II,RM:RM_IV,RosmerTA:RosmerTA,Thoeris:Theoris_other",0
PRO_com_369,2,2,1,BAC_com_2,"AbiE:AbiE,CRISPR-Cas:CAS_Class1-IV,DRT:DRT_other,Gabija:Gabija,Ogmios:Ogmios,Other:DMS_other,Other:PDC-M22,Other:PDC-S07,Other:PDC-S30,PD-T4-6:PD-T4-6,RM:RM_I,RM:RM_III,RM:RM_IV,RosmerTA:RosmerTA,Thoeris:Theoris_other,tmn:tmn-alpha",0
PRO_com_372,2,2,1,BAC_com_2,"AbiE:AbiE,CRISPR-Cas:CAS_Class1-IV,DRT:DRT_other,Gabija:Gabija,Ogmios:Ogmios,Other:DMS_other,Other:PDC-S07,Other:PDC-S30,Other:PDC-S50,PD-T4-6:PD-T4-6,RM:RM_I,RM:RM_III,RM:RM_IV,RosmerTA:RosmerTA,Thoeris:Theoris_other,tmn:tmn-alpha",0
PRO_com_373,2,2,1,BAC_com_5,"Abi2DF:Abi2DF,AbiE:AbiE,CBASS:CBASS_II,CRISPR-Cas:CAS_Class1-IV,DRT:DRT_other,Gabija:Gabija,Hachiman:Hachiman_I,Other:DMS_other,Other:PDC-M46,Other:PDC-S02,Other:PDC-S04,Other:PDC-S07,Other:PDC-S30,PD-T4-6:PD-T4-6,Paris:Paris,RM:RM_I,RM:RM_III,SoFIC:SoFIC,Thoeris:Theoris_other,type_unresolved:subtype_unresolved",0
PRO_com_374,2,2,1,BAC_com_142,"Abi2DF:Abi2DF,AbiE:AbiE,Belisama:Belisama,CRISPR-Cas:CAS_Class1-IV,DRT:DRT_other,Gabija:Gabija,MazEF:MazEF,Other:DMS_other,Other:PDC-S04,Other:PDC-S05,Other:PDC-S07,Other:PDC-S14,PD-T4-6:PD-T4-6,PrrC:PrrC,RM:RM_I,RM:RM_II,RM:RM_IIG,RM:RM_III,SoFIC:SoFIC,Thoeris:Theoris_other,tmn:tmn-beta",0
PRO_com_376,2,2,1,BAC_com_143,"Abi2DF:Abi2DF,AbiE:AbiE,AbiH:AbiH,AbiN:AbiN,CRISPR-Cas:CAS_Class1-IV,DRT:DRT_other,Gabija:Gabija,MazEF:MazEF,Other:DMS_other,Other:PDC-M11,Other:PDC-S02,Other:PDC-S04,Other:PDC-S05,Other:PDC-S07,PD-T4-6:PD-T4-6,Paris:Paris,RM:RM_I,RM:RM_II,RM:RM_IIG,RM:RM_III,RM:RM_IV,RnlAB:RnlAB,SoFIC:SoFIC,Thoeris:Theoris_other,Uzume:Uzume",0
PRO_com_380,2,2,1,BAC_com_145,"Abi2DF:Abi2DF,AbiH:AbiH,Bunzi:Bunzi,CRISPR-Cas:CAS_Class1-IV,DRT:DRT_other,Dodola:Dodola,Gabija:Gabija,Other:DMS_other,Other:PDC-S04,Other:PDC-S07,Other:PDC-S11,Other:PDC-S18,PD-T4-6:PD-T4-6,RM:RM_I,RM:RM_II,RM:RM_IIG,Thoeris:Theoris_other,type_unresolved:subtype_unresolved",0
PRO_com_384,2,2,1,BAC_com_55,"Aditi:Aditi,CRISPR-Cas:CAS_Class1-IV,DRT:DRT_other,Gabija:Gabija,Kiwa:Kiwa,Nantosuelta:Nantosuelta,Other:DMS_other,Other:PDC-S04,Other:PDC-S05,Other:PDC-S07,Other:PDC-S42,PD-T4-6:PD-T4-6,RM:RM_I,RM:RM_II,RM:RM_IV,RloC:RloC,Thoeris:Theoris_other",0
PRO_com_388,2,2,1,BAC_com_147,"AbiE:AbiE,CRISPR-Cas:CAS_Class1-I-C,CRISPR-Cas:CAS_Class1-IV,DRT:DRT_other,Gabija:Gabija,Mokosh:Mokosh_II,Other:DMS_other,Other:PDC-M49,Other:PDC-S02,Other:PDC-S04,Other:PDC-S07,Other:PDC-S14,Other:PDC-S30,Other:PDC-S73,PD-T4-6:PD-T4-6,Paris:Paris,RM:RM_I,RM:RM_II,RM:RM_IIG,RM:RM_III,SoFIC:SoFIC,Thoeris:Theoris_other,Thoeris:Thoeris_I,Uzume:Uzume,tmn:tmn-beta,type_unresolved:subtype_unresolved",0
PRO_com_411,2,2,1,BAC_com_34,"AVAST:AVAST_II,AbiE:AbiE,CRISPR-Cas:CAS_Class1-IV,DRT:DRT_other,Gabija:Gabija,Ogmios:Ogmios,Other:DMS_other,Other:PDC-S07,Other:PDC-S13,Other:PDC-S30,Other:PDC-S47,PD-Lambda-1:PD-Lambda-1,PD-T4-6:PD-T4-6,RM:RM_I,RM:RM_II,RM:RM_IV,Thoeris:Theoris_other,type_unresolved:subtype_unresolved",0
PRO_com_412,2,2,1,BAC_com_51,"Abi2DF:Abi2DF,AbiE:AbiE,CRISPR-Cas:CAS_Class1-IV,CRISPR-Cas:CAS_Class2_II-A,CRISPR-Cas:subtype_unresolved,DRT:DRT_other,Gabija:Gabija,Other:DMS_other,Other:PDC-S04,Other:PDC-S05,Other:PDC-S07,Other:PDC-S47,PD-T4-6:PD-T4-6,RM:RM_I,RM:RM_II,RM:RM_IIG,RM:RM_III,RM:RM_IV,Thoeris:Theoris_other,type_unresolved:subtype_unresolved",0
PRO_com_415,2,2,1,BAC_com_155,"CRISPR-Cas:CAS_Class1-IV,CRISPR-Cas:CAS_Class2_II-A,CRISPR-Cas:subtype_unresolved,DRT:DRT_other,Gabija:Gabija,Gao_Ppl:Gao_Ppl,Other:DMS_other,Other:PDC-M24,Other:PDC-M62,Other:PDC-S04,Other:PDC-S07,Other:PDC-S30,Other:PDC-S51,PD-T4-6:PD-T4-6,RM:RM_III,RM:RM_IV,Septu:Septu_other,Thoeris:Theoris_other,Thoeris:Thoeris_I",0
PRO_com_416,2,2,1,BAC_com_155,"CRISPR-Cas:CAS_Class1-IV,CRISPR-Cas:CAS_Class2_II-A,CRISPR-Cas:subtype_unresolved,DRT:DRT_other,Gabija:Gabija,Gao_Ppl:Gao_Ppl,Other:DMS_other,Other:PDC-M24,Other:PDC-M62,Other:PDC-S04,Other:PDC-S07,Other:PDC-S30,Other:PDC-S51,PD-T4-6:PD-T4-6,RM:RM_III,RM:RM_IV,Septu:Septu_other,Thoeris:Theoris_other,Thoeris:Thoeris_I",0
PRO_com_418,2,2,1,BAC_com_3,"Abi2DF:Abi2DF,AbiE:AbiE,AbiL:AbiL,Aditi:Aditi,CRISPR-Cas:CAS_Class1-I-C,CRISPR-Cas:CAS_Class1-IV,DRT:DRT_other,Gabija:Gabija,Other:DMS_other,Other:PDC-M22,Other:PDC-S04,Other:PDC-S07,Other:PDC-S11,PD-T4-6:PD-T4-6,RM:RM_I,RM:RM_II,RM:RM_IV,RosmerTA:RosmerTA,Thoeris:Theoris_other",0
PRO_com_42,2,2,1,BAC_com_16,"Abi2DF:Abi2DF,AbiE:AbiE,CRISPR-Cas:CAS_Class1-I-C,CRISPR-Cas:CAS_Class1-IV,DRT:DRT_other,Gabija:Gabija,Other:DMS_other,Other:PDC-M62,Other:PDC-S07,Other:PDC-S73,PD-T4-6:PD-T4-6,RM:RM_I,RM:RM_II,RM:RM_III,RM:RM_IV,Septu:Septu_other,Thoeris:Theoris_other,type_unresolved:subtype_unresolved",0
PRO_com_425,2,2,1,BAC_com_123,"Abi2DF:Abi2DF,CRISPR-Cas:CAS_Class1-IV,DRT:DRT_other,Gabija:Gabija,Lamassu:Lamassu,Other:DMS_other,Other:PDC-S04,Other:PDC-S05,Other:PDC-S07,Other:PDC-S15,Other:PDC-S49,Other:PDC-S56,PD-T4-6:PD-T4-6,RM:RM_I,RM:RM_II,RM:RM_IIG,RM:RM_III,RM:RM_IV,SoFIC:SoFIC,Thoeris:Theoris_other",0
PRO_com_426,2,2,1,BAC_com_157,"AbiE:AbiE,CRISPR-Cas:CAS_Class1-I-C,CRISPR-Cas:CAS_Class1-IV,DRT:DRT_Class1_AbiAKP4,DRT:DRT_other,Gabija:Gabija,Other:DMS_other,Other:HEC-06,Other:PDC-M24,Other:PDC-S04,Other:PDC-S05,Other:PDC-S07,PD-T4-6:PD-T4-6,RM:RM_II,RM:RM_IIG,RM:RM_IV,RosmerTA:RosmerTA,Thoeris:Theoris_other",0
PRO_com_428,2,2,1,BAC_com_2,"AbiE:AbiE,CRISPR-Cas:CAS_Class1-IV,DRT:DRT_other,Gabija:Gabija,Ogmios:Ogmios,Other:DMS_other,Other:PDC-S07,Other:PDC-S30,Other:PDC-S50,PD-T4-6:PD-T4-6,RM:RM_I,RM:RM_III,RM:RM_IV,RosmerTA:RosmerTA,Thoeris:Theoris_other,tmn:tmn-alpha",0
PRO_com_429,2,2,1,BAC_com_159,"Abi2DF:Abi2DF,AbiE:AbiE,CBASS:CBASS_I,CRISPR-Cas:CAS_Class1-IV,CRISPR-Cas:CAS_other,DRT:DRT_other,Gabija:Gabija,Menshen:Menshen_other,Mokosh:Mokosh_II,Ogmios:Ogmios,Other:DMS_other,Other:PDC-S02,Other:PDC-S05,Other:PDC-S07,Other:PDC-S30,PD-T4-6:PD-T4-6,RM:RM_II,RM:RM_III,SoFIC:SoFIC,Stk2:Stk2,Thoeris:Theoris_other,type_unresolved:subtype_unresolved",0
PRO_com_430,2,2,1,BAC_com_159,"Abi2DF:Abi2DF,AbiE:AbiE,CBASS:CBASS_I,CRISPR-Cas:CAS_Class1-IV,CRISPR-Cas:CAS_other,DRT:DRT_other,Gabija:Gabija,Menshen:Menshen_other,Mokosh:Mokosh_II,Ogmios:Ogmios,Other:DMS_other,Other:PDC-S02,Other:PDC-S05,Other:PDC-S07,Other:PDC-S30,PD-T4-6:PD-T4-6,RM:RM_II,RM:RM_III,SoFIC:SoFIC,Stk2:Stk2,Thoeris:Theoris_other,type_unresolved:subtype_unresolved",0
PRO_com_431,2,2,1,BAC_com_159,"Abi2DF:Abi2DF,AbiE:AbiE,CBASS:CBASS_I,CRISPR-Cas:CAS_Class1-IV,CRISPR-Cas:CAS_other,DRT:DRT_other,Gabija:Gabija,Menshen:Menshen_other,Mokosh:Mokosh_II,Ogmios:Ogmios,Other:DMS_other,Other:PDC-S02,Other:PDC-S05,Other:PDC-S07,Other:PDC-S30,PD-T4-6:PD-T4-6,RM:RM_II,RM:RM_III,SoFIC:SoFIC,Stk2:Stk2,Thoeris:Theoris_other,type_unresolved:subtype_unresolved",0
PRO_com_432,2,2,1,BAC_com_160,"AbiE:AbiE,CRISPR-Cas:CAS_Class1-IV,CRISPR-Cas:CAS_Class2_II-A,CRISPR-Cas:subtype_unresolved,DRT:DRT_other,Gabija:Gabija,Ogmios:Ogmios,Other:DMS_other,Other:HEC-06,Other:PDC-M24,Other:PDC-S02,Other:PDC-S04,Other:PDC-S05,Other:PDC-S07,Other:PDC-S13,Other:PDC-S30,Other:PDC-S56,PD-T4-6:PD-T4-6,RM:RM_I,RM:RM_II,RM:RM_IIG,RM:RM_IV,Thoeris:Theoris_other,type_unresolved:subtype_unresolved",0
PRO_com_433,2,2,1,BAC_com_160,"AbiE:AbiE,CRISPR-Cas:CAS_Class1-IV,CRISPR-Cas:CAS_Class2_II-A,CRISPR-Cas:subtype_unresolved,DRT:DRT_other,Gabija:Gabija,Ogmios:Ogmios,Other:DMS_other,Other:HEC-06,Other:PDC-M24,Other:PDC-S02,Other:PDC-S04,Other:PDC-S05,Other:PDC-S07,Other:PDC-S13,Other:PDC-S30,Other:PDC-S56,PD-T4-6:PD-T4-6,RM:RM_I,RM:RM_II,RM:RM_IIG,RM:RM_IV,Thoeris:Theoris_other,type_unresolved:subtype_unresolved",0
PRO_com_434,2,2,1,BAC_com_2,"CRISPR-Cas:CAS_Class1-IV,DRT:DRT_other,Gabija:Gabija,Ogmios:Ogmios,Other:DMS_other,Other:PDC-S07,Other:PDC-S30,PD-T4-6:PD-T4-6,RM:RM_I,RM:RM_III,RM:RM_IV,RosmerTA:RosmerTA,Thoeris:Theoris_other,tmn:tmn-alpha",0
PRO_com_435,2,2,1,BAC_com_123,"CRISPR-Cas:CAS_Class1-IV,CRISPR-Cas:CAS_Class2_II-A,CRISPR-Cas:subtype_unresolved,DRT:DRT_other,Gabija:Gabija,Other:DMS_other,Other:PDC-S04,Other:PDC-S07,Other:PDC-S15,Other:PDC-S22,Other:PDC-S38,Other:PDC-S42,Other:PDC-S56,PD-T4-6:PD-T4-6,RM:RM_I,RM:RM_II,RM:RM_IV,RloC:RloC,Thoeris:Theoris_other",0
PRO_com_436,2,2,1,BAC_com_123,"CRISPR-Cas:CAS_Class1-IV,CRISPR-Cas:CAS_Class2_II-A,CRISPR-Cas:subtype_unresolved,DRT:DRT_other,Gabija:Gabija,Other:DMS_other,Other:PDC-S04,Other:PDC-S07,Other:PDC-S15,Other:PDC-S22,Other:PDC-S38,Other:PDC-S42,Other:PDC-S56,PD-T4-6:PD-T4-6,RM:RM_I,RM:RM_II,RM:RM_IV,RloC:RloC,Thoeris:Theoris_other",0
PRO_com_437,2,2,1,BAC_com_108,"AbiE:AbiE,AbiZ:AbiZ,CRISPR-Cas:CAS_Class1-IV,DRT:DRT_other,Gabija:Gabija,Kiwa:Kiwa,MazEF:MazEF,Other:DMS_other,Other:PDC-M50,Other:PDC-S04,Other:PDC-S05,Other:PDC-S07,Other:PDC-S13,Other:PDC-S14,Other:PDC-S30,Other:PDC-S47,Other:PDC-S50,PD-T4-6:PD-T4-6,PrrC:PrrC,RM:RM_I,RM:RM_II,RM:RM_IIG,RM:RM_III,Septu:Septu_other,SoFIC:SoFIC,Thoeris:Theoris_other,type_unresolved:subtype_unresolved",0
PRO_com_440,2,2,1,BAC_com_162,"Abi2DF:Abi2DF,AbiE:AbiE,CRISPR-Cas:CAS_Class1-IV,DRT:DRT_other,Gabija:Gabija,Gao_ietAS:Gao_ietAS,MazEF:MazEF,Mokosh:Mokosh_II,Other:DMS_other,Other:PDC-M14,Other:PDC-M39,Other:PDC-M50,Other:PDC-S04,Other:PDC-S05,Other:PDC-S07,Other:PDC-S13,Other:PDC-S14,Other:PDC-S30,PD-T4-6:PD-T4-6,PrrC:PrrC,RM:RM_I,RM:RM_II,RM:RM_IIG,RM:RM_III,RM:RM_IV,SoFIC:SoFIC,Thoeris:Theoris_other,type_unresolved:subtype_unresolved",0
PRO_com_441,2,2,1,BAC_com_162,"Abi2DF:Abi2DF,AbiE:AbiE,CRISPR-Cas:CAS_Class1-IV,DRT:DRT_other,Gabija:Gabija,Gao_ietAS:Gao_ietAS,MazEF:MazEF,Mokosh:Mokosh_II,Other:DMS_other,Other:PDC-M14,Other:PDC-M39,Other:PDC-M50,Other:PDC-S04,Other:PDC-S05,Other:PDC-S07,Other:PDC-S13,Other:PDC-S14,Other:PDC-S30,PD-T4-6:PD-T4-6,PrrC:PrrC,RM:RM_I,RM:RM_II,RM:RM_IIG,RM:RM_III,RM:RM_IV,SoFIC:SoFIC,Thoeris:Theoris_other,type_unresolved:subtype_unresolved",0
PRO_com_442,2,2,1,BAC_com_2,"AbiE:AbiE,CRISPR-Cas:CAS_Class1-IV,DRT:DRT_other,Gabija:Gabija,Ogmios:Ogmios,Other:DMS_other,Other:PDC-S07,Other:PDC-S30,Other:PDC-S50,PD-T4-6:PD-T4-6,RM:RM_I,RM:RM_III,RM:RM_IV,RosmerTA:RosmerTA,Thoeris:Theoris_other,tmn:tmn-alpha",0
PRO_com_446,2,2,1,BAC_com_81,"CRISPR-Cas:CAS_Class1-IV,CRISPR-Cas:CAS_Class2_II-A,CRISPR-Cas:subtype_unresolved,DRT:DRT_other,Gabija:Gabija,Other:DMS_other,Other:PDC-S05,Other:PDC-S07,PD-T4-6:PD-T4-6,PD-T7-2:PD-T7-2,RM:RM_I,RM:RM_II,RM:RM_IIG,RM:RM_IV,RloC:RloC,RosmerTA:RosmerTA,Thoeris:Theoris_other,type_unresolved:subtype_unresolved",0
PRO_com_455,2,2,1,BAC_com_2,"Abi2DF:Abi2DF,AbiE:AbiE,CRISPR-Cas:CAS_Class1-IV,DRT:DRT_other,Gabija:Gabija,Ogmios:Ogmios,Other:DMS_other,Other:PDC-M22,Other:PDC-S07,Other:PDC-S30,PD-T4-6:PD-T4-6,RM:RM_I,RM:RM_III,RM:RM_IV,RosmerTA:RosmerTA,Thoeris:Theoris_other,tmn:tmn-alpha",0
PRO_com_458,2,2,1,BAC_com_55,"Aditi:Aditi,CRISPR-Cas:CAS_Class1-IV,DRT:DRT_other,Gabija:Gabija,Kiwa:Kiwa,Nantosuelta:Nantosuelta,Other:DMS_other,Other:PDC-S04,Other:PDC-S05,Other:PDC-S07,Other:PDC-S42,PD-T4-6:PD-T4-6,RM:RM_I,RM:RM_II,RM:RM_IV,RloC:RloC,Thoeris:Theoris_other",0
PRO_com_463,2,2,1,BAC_com_3,"Abi2DF:Abi2DF,CRISPR-Cas:CAS_Class1-IV,Gabija:Gabija,Ogmios:Ogmios,Other:DMS_other,Other:PDC-M46,Other:PDC-S04,Other:PDC-S07,Other:PDC-S11,PD-T4-6:PD-T4-6,Paris:Paris,RM:RM_I,RM:RM_II,RM:RM_III,RM:RM_IV,RosmerTA:RosmerTA,SoFIC:SoFIC,Thoeris:Theoris_other",0
PRO_com_465,2,2,1,BAC_com_2,"AbiE:AbiE,Belisama:Belisama,CRISPR-Cas:CAS_Class1-IV,DRT:DRT_other,Gabija:Gabija,Other:DMS_other,Other:PDC-S04,Other:PDC-S07,Other:PDC-S50,PD-T4-6:PD-T4-6,RM:RM_I,RM:RM_II,RM:RM_III,RM:RM_IV,RosmerTA:RosmerTA,Thoeris:Theoris_other,Thoeris:Thoeris_I",0
PRO_com_467,2,2,1,BAC_com_3,"Abi2DF:Abi2DF,AbiE:AbiE,Aditi:Aditi,CRISPR-Cas:CAS_Class1-I-C,CRISPR-Cas:CAS_Class1-IV,CRISPR-Cas:CAS_Class2_II-A,CRISPR-Cas:subtype_unresolved,DRT:DRT_other,Gabija:Gabija,MazEF:MazEF,Other:DMS_other,Other:PDC-S04,Other:PDC-S07,Other:PDC-S11,Other:PDC-S22,PD-T4-6:PD-T4-6,RM:RM_I,RM:RM_II,RM:RM_IV,RosmerTA:RosmerTA,Thoeris:Theoris_other",0
PRO_com_477,2,2,1,BAC_com_2,"CRISPR-Cas:CAS_Class1-IV,DRT:DRT_other,Gabija:Gabija,Ogmios:Ogmios,Other:DMS_other,Other:PDC-S07,PD-T4-6:PD-T4-6,RM:RM_I,RM:RM_III,RM:RM_IV,RosmerTA:RosmerTA,Thoeris:Theoris_other,tmn:tmn-alpha",0
PRO_com_487,2,2,1,BAC_com_167,"Abi2DF:Abi2DF,AbiE:AbiE,AbiH:AbiH,AbiO:AbiO,AbiR:AbiR,Borvo:Borvo,CRISPR-Cas:CAS_Class1-IV,CRISPR-Cas:CAS_Class2_II-A,CRISPR-Cas:subtype_unresolved,DRT:DRT_other,Gabija:Gabija,Lamassu:Lamassu,Other:DMS_other,Other:PDC-M01,Other:PDC-M62,Other:PDC-S04,Other:PDC-S05,Other:PDC-S07,Other:PDC-S30,PD-T4-6:PD-T4-6,PD-T7-2:PD-T7-2,RM:RM_II,RM:RM_IV,Septu:Septu_other,Thoeris:Theoris_other",0
PRO_com_488,2,2,1,BAC_com_133,"Abi2DF:Abi2DF,AbiE:AbiE,CRISPR-Cas:CAS_Class1-IV,CRISPR-Cas:CAS_Class2_II-A,CRISPR-Cas:subtype_unresolved,DRT:DRT_other,Gabija:Gabija,Mokosh:Mokosh_II,Other:DMS_other,Other:PDC-M62,Other:PDC-S02,Other:PDC-S04,Other:PDC-S05,Other:PDC-S07,Other:PDC-S15,Other:PDC-S30,PD-T4-6:PD-T4-6,Paris:Paris,RM:RM_I,RM:RM_II,RM:RM_IIG,RM:RM_III,RM:RM_IV,RosmerTA:RosmerTA,Septu:Septu_other,Thoeris:Theoris_other",0
PRO_com_489,2,2,1,BAC_com_133,"Abi2DF:Abi2DF,AbiE:AbiE,CRISPR-Cas:CAS_Class1-IV,CRISPR-Cas:CAS_Class2_II-A,CRISPR-Cas:subtype_unresolved,DRT:DRT_other,Gabija:Gabija,Mokosh:Mokosh_II,Other:DMS_other,Other:PDC-M62,Other:PDC-S02,Other:PDC-S04,Other:PDC-S05,Other:PDC-S07,Other:PDC-S15,Other:PDC-S30,PD-T4-6:PD-T4-6,Paris:Paris,RM:RM_I,RM:RM_II,RM:RM_IIG,RM:RM_III,RM:RM_IV,RosmerTA:RosmerTA,Septu:Septu_other,Thoeris:Theoris_other",0
PRO_com_493,2,2,1,BAC_com_168,"AbiE:AbiE,CRISPR-Cas:CAS_Class1-IV,CRISPR-Cas:CAS_Class2_II-A,CRISPR-Cas:subtype_unresolved,DRT:DRT_other,Gabija:Gabija,Gao_ietAS:Gao_ietAS,Other:DMS_other,Other:PDC-M11,Other:PDC-S02,Other:PDC-S04,Other:PDC-S05,Other:PDC-S07,Other:PDC-S30,Other:PDC-S58,PD-T4-6:PD-T4-6,RM:RM_I,RM:RM_II,RM:RM_IV,RosmerTA:RosmerTA,Thoeris:Theoris_other",0
PRO_com_494,2,2,1,BAC_com_168,"AbiE:AbiE,CRISPR-Cas:CAS_Class1-IV,CRISPR-Cas:CAS_Class2_II-A,CRISPR-Cas:subtype_unresolved,DRT:DRT_other,Gabija:Gabija,Gao_ietAS:Gao_ietAS,Other:DMS_other,Other:PDC-M11,Other:PDC-S02,Other:PDC-S04,Other:PDC-S05,Other:PDC-S07,Other:PDC-S30,Other:PDC-S58,PD-T4-6:PD-T4-6,RM:RM_I,RM:RM_II,RM:RM_IV,RosmerTA:RosmerTA,Thoeris:Theoris_other",0
PRO_com_497,2,2,1,BAC_com_171,"AVAST:AVAST_II,Abi2DF:Abi2DF,CRISPR-Cas:CAS_Class1-IV,DRT:DRT_other,Gabija:Gabija,Other:DMS_other,Other:PDC-M62,Other:PDC-S04,Other:PDC-S05,Other:PDC-S07,Other:PDC-S30,Other:PDC-S56,PD-T4-6:PD-T4-6,Paris:Paris,RM:RM_I,RM:RM_III,RM:RM_IV,Septu:Septu_I,Septu:Septu_other,Shedu:Shedu,Thoeris:Theoris_other,tmn:tmn-alpha,type_unresolved:subtype_unresolved",0
PRO_com_502,2,2,1,BAC_com_129,"AVAST:AVAST_II,CRISPR-Cas:CAS_Class1-IV,DRT:DRT_other,Gabija:Gabija,Other:DMS_other,Other:PDC-M01,Other:PDC-S02,Other:PDC-S04,Other:PDC-S05,Other:PDC-S07,Other:PDC-S56,PD-T4-6:PD-T4-6,RM:RM_I,RM:RM_II,RM:RM_IV,Septu:Septu_I,Thoeris:Theoris_other",0
PRO_com_523,2,2,1,BAC_com_41,"Abi2DF:Abi2DF,AbiH:AbiH,CRISPR-Cas:CAS_Class1-IV,DRT:DRT_other,Gabija:Gabija,Other:DMS_other,Other:PDC-S04,Other:PDC-S07,Other:PDC-S14,Other:PDC-S30,PD-T4-6:PD-T4-6,Paris:Paris,RM:RM_I,RM:RM_II,RM:RM_III,RM:RM_IV,SoFIC:SoFIC,Thoeris:Theoris_other,VP-number:VP1853",0
PRO_com_53,2,2,1,BAC_com_23,"Abi2DF:Abi2DF,Borvo:Borvo,CRISPR-Cas:CAS_Class1-I-C,CRISPR-Cas:CAS_Class1-IV,CRISPR-Cas:CAS_Class2_II-A,CRISPR-Cas:subtype_unresolved,DRT:DRT_other,Gabija:Gabija,Hachiman:Hachiman_I,MazEF:MazEF,Other:DMS_other,Other:PDC-M14,Other:PDC-M46,Other:PDC-S05,Other:PDC-S07,Other:PDC-S30,PD-Lambda-1:PD-Lambda-1,PD-T4-6:PD-T4-6,RM:RM_II,RM:RM_III,RM:RM_IV,RosmerTA:RosmerTA,Thoeris:Theoris_other,tmn:tmn-alpha",0
PRO_com_534,2,2,1,BAC_com_123,"Borvo:Borvo,CRISPR-Cas:CAS_Class1-IV,CRISPR-Cas:CAS_Class2_II-A,CRISPR-Cas:subtype_unresolved,DRT:DRT_other,Gabija:Gabija,Other:DMS_other,Other:PDC-S04,Other:PDC-S07,Other:PDC-S13,Other:PDC-S22,Other:PDC-S42,PD-T4-6:PD-T4-6,RM:RM_I,RM:RM_II,RM:RM_IV,RloC:RloC,Thoeris:Theoris_other",0
PRO_com_539,2,2,1,BAC_com_45,"CRISPR-Cas:CAS_Class1-IV,DRT:DRT_other,Gabija:Gabija,Other:DMS_other,Other:PDC-S04,Other:PDC-S07,Other:PDC-S47,Other:PDC-S73,PD-T4-6:PD-T4-6,Paris:Paris,RM:RM_II,RM:RM_IV,RloC:RloC,Septu:Septu_I,Thoeris:Theoris_other",0
PRO_com_540,2,2,1,BAC_com_113,"AbiO:AbiO,CRISPR-Cas:CAS_Class1-IV,DRT:DRT_other,Gabija:Gabija,Gao_Ppl:Gao_Ppl,Other:DMS_other,Other:PDC-M01,Other:PDC-M62,Other:PDC-S07,PD-T4-6:PD-T4-6,RM:RM_II,RM:RM_IIG,RM:RM_III,RM:RM_IV,Septu:Septu_other,Thoeris:Theoris_other,type_unresolved:subtype_unresolved",0
PRO_com_545,3,2,1,BAC_com_190,"Abi2DF:Abi2DF,AbiE:AbiE,AbiH:AbiH,AbiZ:AbiZ,CRISPR-Cas:CAS_Class1-IV,DRT:DRT_other,Detocs:Detocs,Gabija:Gabija,Other:DMS_other,Other:PDC-S04,Other:PDC-S05,Other:PDC-S07,Other:PDC-S13,PD-T4-6:PD-T4-6,RM:RM_I,RM:RM_II,RM:RM_III,Retron:Retron_I_A,Thoeris:Theoris_other",0
PRO_com_546,2,2,1,BAC_com_190,"Abi2DF:Abi2DF,AbiE:AbiE,AbiH:AbiH,AbiZ:AbiZ,CRISPR-Cas:CAS_Class1-IV,DRT:DRT_other,Detocs:Detocs,Gabija:Gabija,Other:DMS_other,Other:PDC-S04,Other:PDC-S05,Other:PDC-S07,Other:PDC-S13,PD-T4-6:PD-T4-6,RM:RM_I,RM:RM_II,RM:RM_III,Retron:Retron_I_A,Thoeris:Theoris_other",0
PRO_com_565,2,2,1,BAC_com_199,"AbiE:AbiE,AbiG:AbiG,CRISPR-Cas:CAS_Class1-IV,DRT:DRT_other,Gabija:Gabija,Mokosh:Mokosh_II,Other:DMS_other,Other:PDC-S04,Other:PDC-S05,Other:PDC-S07,Other:PDC-S14,Other:PDC-S15,PD-T4-6:PD-T4-6,Paris:Paris,RM:RM_I,RM:RM_II,RM:RM_IIG,RM:RM_III,RM:RM_IV,SoFIC:SoFIC,Thoeris:Theoris_other,Thoeris:Thoeris_I,type_unresolved:subtype_unresolved",0
PRO_com_569,2,2,1,BAC_com_201,"Abi2DF:Abi2DF,AbiE:AbiE,CRISPR-Cas:CAS_Class1-IV,DRT:DRT_other,Gabija:Gabija,MazEF:MazEF,Other:DMS_other,Other:PDC-M24,Other:PDC-S02,Other:PDC-S04,Other:PDC-S05,Other:PDC-S07,Other:PDC-S14,Other:PDC-S30,PD-T4-6:PD-T4-6,PrrC:PrrC,RM:RM_I,RM:RM_II,RM:RM_IIG,Stk2:Stk2,Thoeris:Theoris_other",0
PRO_com_570,2,2,1,BAC_com_157,"Abi2DF:Abi2DF,AbiE:AbiE,CRISPR-Cas:CAS_Class1-I-C,CRISPR-Cas:CAS_Class1-IV,DRT:DRT_Class1_AbiAKP4,DRT:DRT_other,Gabija:Gabija,Other:DMS_other,Other:HEC-06,Other:PDC-M24,Other:PDC-S02,Other:PDC-S04,Other:PDC-S05,Other:PDC-S07,Other:PDC-S38,PD-T4-6:PD-T4-6,RM:RM_II,RM:RM_IIG,RM:RM_III,RM:RM_IV,RosmerTA:RosmerTA,Thoeris:Theoris_other",0
PRO_com_573,2,2,1,BAC_com_45,"AbiE:AbiE,CRISPR-Cas:CAS_Class1-IV,CRISPR-Cas:CAS_Class2_II-A,CRISPR-Cas:subtype_unresolved,DRT:DRT_other,Gabija:Gabija,Ogmios:Ogmios,Other:DMS_other,Other:PDC-S02,Other:PDC-S04,Other:PDC-S07,PD-T4-6:PD-T4-6,Paris:Paris,RM:RM_I,RM:RM_IV,ShosTA:ShosTA,Thoeris:Theoris_other,Thoeris:Thoeris_I,type_unresolved:subtype_unresolved",0
PRO_com_575,2,2,1,BAC_com_123,"AbiG:AbiG,Belisama:Belisama,CRISPR-Cas:CAS_Class1-IV,DRT:DRT_other,Detocs:Detocs,Gabija:Gabija,Hachiman:Hachiman_I,Other:DMS_other,Other:PDC-M24,Other:PDC-S02,Other:PDC-S04,Other:PDC-S05,Other:PDC-S07,PD-T4-6:PD-T4-6,RM:RM_I,RM:RM_II,RM:RM_IIG,RM:RM_III,RM:RM_IV,Thoeris:Theoris_other,tmn:tmn-alpha",0
PRO_com_576,2,2,1,BAC_com_2,"CRISPR-Cas:CAS_Class1-IV,DRT:DRT_other,Gabija:Gabija,NixI:NixI,Ogmios:Ogmios,Other:DMS_other,Other:PDC-S07,Other:PDC-S30,PD-T4-6:PD-T4-6,RM:RM_I,RM:RM_II,RM:RM_IV,RosmerTA:RosmerTA,Stk2:Stk2,Thoeris:Theoris_other,tmn:tmn-alpha",0
PRO_com_584,2,2,1,BAC_com_205,"AbiE:AbiE,CRISPR-Cas:CAS_Class1-I-C,CRISPR-Cas:CAS_Class1-IV,DRT:DRT_other,Gabija:Gabija,Other:DMS_other,Other:PDC-S04,Other:PDC-S05,Other:PDC-S07,PD-T4-6:PD-T4-6,RM:RM_I,RM:RM_II,RM:RM_III,RM:RM_IV,SoFIC:SoFIC,Thoeris:Theoris_other",0
PRO_com_589,2,2,1,BAC_com_3,"Abi2DF:Abi2DF,AbiE:AbiE,Aditi:Aditi,CBASS:CBASS_II,CRISPR-Cas:CAS_Class1-IV,CRISPR-Cas:CAS_Class2_II-A,CRISPR-Cas:subtype_unresolved,DRT:DRT_other,Gabija:Gabija,Other:DMS_other,Other:PDC-S04,Other:PDC-S07,Other:PDC-S11,Other:PDC-S22,PD-T4-6:PD-T4-6,RM:RM_I,RM:RM_II,RM:RM_IV,RosmerTA:RosmerTA,Thoeris:Theoris_other",0
PRO_com_594,2,2,1,BAC_com_2,"AbiE:AbiE,CRISPR-Cas:CAS_Class1-IV,DRT:DRT_other,Gabija:Gabija,Ogmios:Ogmios,Other:DMS_other,Other:PDC-M22,Other:PDC-S07,Other:PDC-S30,Other:PDC-S50,PD-T4-6:PD-T4-6,RM:RM_I,RM:RM_III,RM:RM_IV,RosmerTA:RosmerTA,Thoeris:Theoris_other,tmn:tmn-alpha",0
PRO_com_601,2,2,1,BAC_com_206,"CRISPR-Cas:CAS_Class1-IV,CRISPR-Cas:CAS_Class2_II-A,CRISPR-Cas:subtype_unresolved,DRT:DRT_other,Dodola:Dodola,Gabija:Gabija,Kiwa:Kiwa,Other:DMS_other,Other:PDC-S04,Other:PDC-S07,Other:PDC-S14,Other:PDC-S30,Other:PDC-S47,PD-T4-6:PD-T4-6,Paris:Paris,RM:RM_II,RM:RM_IIG,RM:RM_III,RosmerTA:RosmerTA,Thoeris:Theoris_other,Uzume:Uzume",0
PRO_com_603,2,2,1,BAC_com_30,"AbiE:AbiE,AbiH:AbiH,CRISPR-Cas:CAS_Class1-IV,DRT:DRT_other,Gabija:Gabija,Hachiman:Hachiman_I,Mokosh:Mokosh_II,Other:DMS_other,Other:PDC-S04,Other:PDC-S07,Other:PDC-S14,Other:PDC-S35,Other:PDC-S50,PD-T4-6:PD-T4-6,RM:RM_I,RM:RM_II,RM:RM_IIG,RM:RM_III,SoFIC:SoFIC,Thoeris:Theoris_other,tmn:tmn-beta",0
PRO_com_66,2,2,1,BAC_com_5,"Abi2DF:Abi2DF,CBASS:CBASS_II,CRISPR-Cas:CAS_Class1-IV,DRT:DRT_other,Gabija:Gabija,Hachiman:Hachiman_I,Other:DMS_other,Other:PDC-M46,Other:PDC-S04,Other:PDC-S07,Other:PDC-S30,PD-T4-6:PD-T4-6,Paris:Paris,RM:RM_I,RM:RM_II,RM:RM_III,RM:RM_IV,SoFIC:SoFIC,Stk2:Stk2,Thoeris:Theoris_other,type_unresolved:subtype_unresolved",0
PRO_com_71,2,2,1,BAC_com_29,"Abi2DF:Abi2DF,AbiE:AbiE,AbiH:AbiH,Belisama:Belisama,CRISPR-Cas:CAS_Class1-IV,DRT:DRT_other,Gabija:Gabija,Other:DMS_other,Other:PDC-S02,Other:PDC-S04,Other:PDC-S05,Other:PDC-S07,Other:PDC-S13,Other:PDC-S14,Other:PDC-S16,Other:PDC-S30,PD-T4-6:PD-T4-6,RM:RM_I,RM:RM_II,RM:RM_IIG,RM:RM_III,RM:RM_IV,SoFIC:SoFIC,Thoeris:Theoris_other,Uzume:Uzume,tmn:tmn-beta,type_unresolved:subtype_unresolved",0
PRO_com_84,2,2,1,BAC_com_26,"AbiE:AbiE,CRISPR-Cas:CAS_Class1-IV,DRT:DRT_other,Gabija:Gabija,Hachiman:Hachiman_I,Lamassu:Lamassu,Other:DMS_other,Other:PDC-S04,Other:PDC-S07,Other:PDC-S15,PD-T4-6:PD-T4-6,RM:RM_I,RM:RM_II,RM:RM_III,RM:RM_IV,Septu:Septu_I,SoFIC:SoFIC,Thoeris:Theoris_other",0
PRO_com_86,2,2,1,BAC_com_26,"AbiE:AbiE,CRISPR-Cas:CAS_Class1-IV,DRT:DRT_other,Gabija:Gabija,Hachiman:Hachiman_I,Lamassu:Lamassu,Other:DMS_other,Other:PDC-S04,Other:PDC-S07,Other:PDC-S15,PD-T4-6:PD-T4-6,RM:RM_I,RM:RM_II,RM:RM_III,RM:RM_IV,Septu:Septu_I,SoFIC:SoFIC,Thoeris:Theoris_other",0
PRO_com_1,1,1,1,BAC_com_1,"AbiE:AbiE,CRISPR-Cas:CAS_Class1-IV,DRT:DRT_other,Gabija:Gabija,Kiwa:Kiwa,Other:DMS_other,Other:PDC-S07,Other:PDC-S22,Other:PDC-S73,PD-T4-6:PD-T4-6,RM:RM_I,RM:RM_II,RM:RM_IV,Thoeris:Theoris_other",0
PRO_com_106,1,1,1,BAC_com_2,"AbiE:AbiE,CBASS:CBASS_II,CRISPR-Cas:CAS_Class1-I-C,CRISPR-Cas:CAS_Class1-IV,DRT:DRT_other,Gabija:Gabija,Other:DMS_other,Other:PDC-S04,Other:PDC-S05,Other:PDC-S07,PD-T4-6:PD-T4-6,RM:RM_I,RM:RM_II,RM:RM_IIG,RM:RM_III,RM:RM_IV,RosmerTA:RosmerTA,Thoeris:Theoris_other",0
PRO_com_112,1,1,1,BAC_com_2,"Abi2DF:Abi2DF,AbiE:AbiE,CRISPR-Cas:CAS_Class1-I-C,CRISPR-Cas:CAS_Class1-IV,DRT:DRT_other,Gabija:Gabija,Other:DMS_other,Other:PDC-S04,Other:PDC-S05,Other:PDC-S07,PD-T4-6:PD-T4-6,RM:RM_I,RM:RM_II,RM:RM_IIG,RM:RM_III,RM:RM_IV,RosmerTA:RosmerTA,Thoeris:Theoris_other",0
PRO_com_116,1,1,1,BAC_com_2,"Abi2DF:Abi2DF,AbiE:AbiE,AbiQ:AbiQ,CRISPR-Cas:CAS_Class1-I-C,CRISPR-Cas:CAS_Class1-IV,DRT:DRT_other,Gabija:Gabija,Other:DMS_other,Other:PDC-S04,Other:PDC-S05,Other:PDC-S07,Other:PDC-S16,PD-T4-6:PD-T4-6,RM:RM_I,RM:RM_II,RM:RM_IIG,RM:RM_III,RM:RM_IV,RosmerTA:RosmerTA,Thoeris:Theoris_other",0
PRO_com_124,1,1,1,BAC_com_45,"CRISPR-Cas:CAS_Class1-IV,DRT:DRT_other,Gabija:Gabija,Other:DMS_other,Other:PDC-M46,Other:PDC-M62,Other:PDC-S07,Other:PDC-S30,Other:PDC-S47,Other:PDC-S73,PD-T4-6:PD-T4-6,Paris:Paris,RM:RM_II,RM:RM_IIG,RM:RM_IV,RloC:RloC,Septu:Septu_other,Thoeris:Theoris_other",0
PRO_com_125,1,1,1,BAC_com_45,"CRISPR-Cas:CAS_Class1-IV,DRT:DRT_other,Gabija:Gabija,Other:DMS_other,Other:PDC-M46,Other:PDC-M62,Other:PDC-S07,Other:PDC-S30,Other:PDC-S47,Other:PDC-S73,PD-T4-6:PD-T4-6,Paris:Paris,RM:RM_II,RM:RM_IIG,RM:RM_IV,RloC:RloC,Septu:Septu_other,Thoeris:Theoris_other",0
PRO_com_127,1,1,1,BAC_com_5,"Abi2DF:Abi2DF,AbiE:AbiE,CRISPR-Cas:CAS_Class1-IV,DRT:DRT_other,Gabija:Gabija,Other:DMS_other,Other:PDC-M46,Other:PDC-S04,Other:PDC-S07,Other:PDC-S16,Other:PDC-S30,PD-Lambda-1:PD-Lambda-1,PD-T4-6:PD-T4-6,Paris:Paris,RM:RM_I,RM:RM_II,RM:RM_III,RM:RM_IV,SoFIC:SoFIC,Thoeris:Theoris_other,type_unresolved:subtype_unresolved",0
PRO_com_128,1,1,1,BAC_com_3,"Abi2DF:Abi2DF,AbiE:AbiE,Aditi:Aditi,CRISPR-Cas:CAS_Class1-IV,CRISPR-Cas:CAS_Class2_II-A,CRISPR-Cas:subtype_unresolved,DRT:DRT_other,Gabija:Gabija,MazEF:MazEF,Other:DMS_other,Other:PDC-S04,Other:PDC-S07,Other:PDC-S11,Other:PDC-S22,PD-T4-6:PD-T4-6,RM:RM_I,RM:RM_II,RM:RM_IV,RosmerTA:RosmerTA,ShosTA:ShosTA,Thoeris:Theoris_other",0
PRO_com_129,1,1,1,BAC_com_3,"Abi2DF:Abi2DF,AbiE:AbiE,Aditi:Aditi,CRISPR-Cas:CAS_Class1-IV,CRISPR-Cas:CAS_Class2_II-A,CRISPR-Cas:subtype_unresolved,DRT:DRT_other,Gabija:Gabija,MazEF:MazEF,Other:DMS_other,Other:PDC-S04,Other:PDC-S07,Other:PDC-S11,Other:PDC-S22,PD-T4-6:PD-T4-6,RM:RM_I,RM:RM_II,RM:RM_IV,RosmerTA:RosmerTA,ShosTA:ShosTA,Thoeris:Theoris_other",0
PRO_com_130,1,1,1,BAC_com_2,"Abi2DF:Abi2DF,AbiE:AbiE,CRISPR-Cas:CAS_Class1-IV,DRT:DRT_other,Gabija:Gabija,Other:DMS_other,Other:PDC-S04,Other:PDC-S05,Other:PDC-S07,PD-T4-6:PD-T4-6,RM:RM_I,RM:RM_II,RM:RM_IIG,RM:RM_III,RM:RM_IV,RosmerTA:RosmerTA,Thoeris:Theoris_other",0
PRO_com_132,1,1,1,BAC_com_2,"AbiE:AbiE,CBASS:CBASS_II,CRISPR-Cas:CAS_Class1-I-C,CRISPR-Cas:CAS_Class1-IV,DRT:DRT_other,Gabija:Gabija,Other:DMS_other,Other:PDC-S04,Other:PDC-S05,Other:PDC-S07,PD-T4-6:PD-T4-6,RM:RM_I,RM:RM_II,RM:RM_IIG,RM:RM_III,RM:RM_IV,RosmerTA:RosmerTA,Thoeris:Theoris_other",0
PRO_com_133,1,1,1,BAC_com_2,"Abi2DF:Abi2DF,AbiE:AbiE,CBASS:CBASS_II,CRISPR-Cas:CAS_Class1-I-C,CRISPR-Cas:CAS_Class1-IV,DRT:DRT_other,Gabija:Gabija,Other:DMS_other,Other:PDC-S04,Other:PDC-S05,Other:PDC-S07,PD-T4-6:PD-T4-6,RM:RM_I,RM:RM_II,RM:RM_IIG,RM:RM_III,RM:RM_IV,RosmerTA:RosmerTA,Thoeris:Theoris_other",0
PRO_com_134,1,1,1,BAC_com_2,"Abi2DF:Abi2DF,AbiE:AbiE,CRISPR-Cas:CAS_Class1-I-C,CRISPR-Cas:CAS_Class1-IV,DRT:DRT_other,Gabija:Gabija,Other:DMS_other,Other:PDC-S04,Other:PDC-S05,Other:PDC-S07,Other:PDC-S16,PD-T4-6:PD-T4-6,RM:RM_I,RM:RM_II,RM:RM_IIG,RM:RM_III,RM:RM_IV,RosmerTA:RosmerTA,Thoeris:Theoris_other",0
PRO_com_137,1,1,1,BAC_com_2,"Abi2DF:Abi2DF,AbiE:AbiE,CRISPR-Cas:CAS_Class1-I-C,CRISPR-Cas:CAS_Class1-IV,DRT:DRT_other,Gabija:Gabija,Other:DMS_other,Other:PDC-S04,Other:PDC-S05,Other:PDC-S07,Other:PDC-S16,PD-T4-6:PD-T4-6,RM:RM_I,RM:RM_II,RM:RM_IIG,RM:RM_III,RM:RM_IV,RosmerTA:RosmerTA,Thoeris:Theoris_other",0
PRO_com_138,1,1,1,BAC_com_2,"Abi2DF:Abi2DF,CRISPR-Cas:CAS_Class1-IV,DRT:DRT_other,Gabija:Gabija,Ogmios:Ogmios,Other:DMS_other,Other:PDC-S07,Other:PDC-S30,PD-T4-6:PD-T4-6,RM:RM_I,RM:RM_III,RM:RM_IV,RosmerTA:RosmerTA,Thoeris:Theoris_other,tmn:tmn-alpha",0
PRO_com_139,1,1,1,BAC_com_46,"AbiE:AbiE,CRISPR-Cas:CAS_Class1-I-C,CRISPR-Cas:CAS_Class1-IV,DRT:DRT_other,Gabija:Gabija,MazEF:MazEF,Other:DMS_other,Other:PDC-S02,Other:PDC-S04,Other:PDC-S05,Other:PDC-S07,Other:PDC-S13,Other:PDC-S14,PD-T4-6:PD-T4-6,PD-T4-9:PD-T4-9,Paris:Paris,RM:RM_I,RM:RM_II,RM:RM_IIG,RM:RM_III,SoFIC:SoFIC,Thoeris:Theoris_other",0
PRO_com_143,1,1,1,BAC_com_47,"Abi2DF:Abi2DF,AbiG:AbiG,AbiH:AbiH,AbiJ:AbiJ,BREX:BREX_I,CRISPR-Cas:CAS_Class1-IV,DRT:DRT_other,Gabija:Gabija,Lamassu:Lamassu,Other:DMS_other,Other:PDC-S07,Other:PDC-S30,Other:PDC-S47,PD-T4-6:PD-T4-6,RM:RM_I,RM:RM_II,RM:RM_IIG,RM:RM_III,RM:RM_IV,Thoeris:Theoris_other,Tiamat:Tiamat,tmn:tmn-beta",0
PRO_com_144,1,1,1,BAC_com_47,"Abi2DF:Abi2DF,AbiG:AbiG,AbiH:AbiH,AbiJ:AbiJ,BREX:BREX_I,CRISPR-Cas:CAS_Class1-IV,DRT:DRT_other,Gabija:Gabija,Lamassu:Lamassu,Other:DMS_other,Other:PDC-S07,Other:PDC-S30,Other:PDC-S47,PD-T4-6:PD-T4-6,RM:RM_I,RM:RM_II,RM:RM_IIG,RM:RM_III,RM:RM_IV,Thoeris:Theoris_other,Tiamat:Tiamat,tmn:tmn-beta",0
PRO_com_145,1,1,1,BAC_com_47,"AbiO:AbiO,CRISPR-Cas:CAS_Class1-I-C,CRISPR-Cas:CAS_Class1-IV,DRT:DRT_Class1_AbiAKP2,DRT:DRT_other,Gabija:Gabija,Other:DMS_other,Other:PDC-S07,Other:PDC-S30,Other:PDC-S42,Other:PDC-S50,PD-T4-6:PD-T4-6,RM:RM_I,RM:RM_II,RM:RM_IIG,RM:RM_III,Thoeris:Theoris_other,VP-number:VP1840",0
PRO_com_146,1,1,1,BAC_com_47,"CRISPR-Cas:CAS_Class1-IV,CRISPR-Cas:CAS_Class2_II-A,CRISPR-Cas:subtype_unresolved,DRT:DRT_other,Gabija:Gabija,Lamassu:Lamassu,Other:DMS_other,Other:PDC-S04,Other:PDC-S30,Other:PDC-S32,Other:PDC-S53,PD-T4-6:PD-T4-6,Paris:Paris,RM:RM_II,RM:RM_IIG,RM:RM_III,Thoeris:Theoris_other,type_unresolved:subtype_unresolved",0
PRO_com_15,1,1,1,BAC_com_6,"Abi2DF:Abi2DF,CRISPR-Cas:CAS_Class1-IV,DRT:DRT_other,Gabija:Gabija,MazEF:MazEF,Nantosuelta:Nantosuelta,Other:DMS_other,Other:PDC-M49,Other:PDC-S04,Other:PDC-S07,Other:PDC-S30,PD-T4-6:PD-T4-6,Paris:Paris,RM:RM_I,RM:RM_III,SoFIC:SoFIC,Thoeris:Theoris_other,type_unresolved:subtype_unresolved",0
PRO_com_152,1,1,1,BAC_com_2,"AbiE:AbiE,CRISPR-Cas:CAS_Class1-IV,DRT:DRT_other,Gabija:Gabija,Ogmios:Ogmios,Other:DMS_other,Other:PDC-M22,Other:PDC-S07,Other:PDC-S30,Other:PDC-S50,PD-T4-6:PD-T4-6,RM:RM_I,RM:RM_III,RM:RM_IV,RosmerTA:RosmerTA,Thoeris:Theoris_other,tmn:tmn-alpha",0
PRO_com_155,1,1,1,BAC_com_34,"Abi2DF:Abi2DF,AbiE:AbiE,CRISPR-Cas:CAS_Class1-IV,DRT:DRT_other,Gabija:Gabija,Gao_Mza:Gao_Mza,Menshen:Menshen_other,Other:DMS_other,Other:PDC-S07,Other:PDC-S22,Other:PDC-S42,Other:PDC-S73,PD-T4-6:PD-T4-6,Paris:Paris,RM:RM_I,RM:RM_II,RM:RM_IV,RloC:RloC,Thoeris:Theoris_other",0
PRO_com_159,1,1,1,BAC_com_57,"AbiE:AbiE,AbiH:AbiH,CRISPR-Cas:CAS_Class1-IV,DRT:DRT_other,Dodola:Dodola,Gabija:Gabija,MazEF:MazEF,Other:DMS_other,Other:PDC-S04,Other:PDC-S05,Other:PDC-S07,Other:PDC-S14,PD-T4-6:PD-T4-6,PD-T7-2:PD-T7-2,Paris:Paris,PrrC:PrrC,RM:RM_I,RM:RM_II,RM:RM_III,RM:RM_IV,SoFIC:SoFIC,Thoeris:Theoris_other,type_unresolved:subtype_unresolved",0
PRO_com_16,1,1,1,BAC_com_6,"Abi2DF:Abi2DF,CRISPR-Cas:CAS_Class1-IV,DRT:DRT_other,Gabija:Gabija,MazEF:MazEF,Nantosuelta:Nantosuelta,Other:DMS_other,Other:PDC-M49,Other:PDC-S04,Other:PDC-S07,Other:PDC-S30,PD-T4-6:PD-T4-6,Paris:Paris,RM:RM_I,RM:RM_III,SoFIC:SoFIC,Thoeris:Theoris_other,type_unresolved:subtype_unresolved",0
PRO_com_160,1,1,1,BAC_com_57,"AbiE:AbiE,AbiH:AbiH,CRISPR-Cas:CAS_Class1-IV,DRT:DRT_other,Dodola:Dodola,Gabija:Gabija,MazEF:MazEF,Other:DMS_other,Other:PDC-S04,Other:PDC-S05,Other:PDC-S07,Other:PDC-S14,PD-T4-6:PD-T4-6,PD-T7-2:PD-T7-2,Paris:Paris,PrrC:PrrC,RM:RM_I,RM:RM_II,RM:RM_III,RM:RM_IV,SoFIC:SoFIC,Thoeris:Theoris_other,type_unresolved:subtype_unresolved",0
PRO_com_161,1,1,1,BAC_com_57,"AbiE:AbiE,AbiH:AbiH,CRISPR-Cas:CAS_Class1-IV,DRT:DRT_other,Dodola:Dodola,Gabija:Gabija,MazEF:MazEF,Other:DMS_other,Other:PDC-S04,Other:PDC-S05,Other:PDC-S07,Other:PDC-S14,PD-T4-6:PD-T4-6,PD-T7-2:PD-T7-2,Paris:Paris,PrrC:PrrC,RM:RM_I,RM:RM_II,RM:RM_III,RM:RM_IV,SoFIC:SoFIC,Thoeris:Theoris_other,type_unresolved:subtype_unresolved",0
PRO_com_162,1,1,1,BAC_com_60,"Abi2DF:Abi2DF,AbiE:AbiE,AbiH:AbiH,CRISPR-Cas:CAS_Class1-IV,DRT:DRT_other,Gabija:Gabija,Other:DMS_other,Other:PDC-S07,Other:PDC-S73,PD-T4-6:PD-T4-6,RM:RM_I,RM:RM_II,RM:RM_IV,Septu:Septu_I,Septu:Septu_other,Thoeris:Theoris_other",0
PRO_com_163,1,1,1,BAC_com_60,"Abi2DF:Abi2DF,AbiE:AbiE,AbiH:AbiH,CRISPR-Cas:CAS_Class1-IV,DRT:DRT_other,Gabija:Gabija,Other:DMS_other,Other:PDC-S07,Other:PDC-S73,PD-T4-6:PD-T4-6,RM:RM_I,RM:RM_II,RM:RM_IV,Septu:Septu_I,Septu:Septu_other,Thoeris:Theoris_other",0
PRO_com_164,1,1,1,BAC_com_62,"Abi2DF:Abi2DF,AbiE:AbiE,AbiL:AbiL,CRISPR-Cas:CAS_Class1-IV,DRT:DRT_other,Gabija:Gabija,Other:DMS_other,Other:PDC-S04,Other:PDC-S05,Other:PDC-S07,Other:PDC-S30,Other:PDC-S32,Other:PDC-S47,PD-T4-6:PD-T4-6,RM:RM_I,RM:RM_II,RM:RM_IIG,RosmerTA:RosmerTA,Thoeris:Theoris_other,type_unresolved:subtype_unresolved",0
PRO_com_17,1,1,1,BAC_com_8,"Abi2DF:Abi2DF,AbiE:AbiE,Belisama:Belisama,CBASS:CBASS_I,CRISPR-Cas:CAS_Class1-IV,DRT:DRT_other,Gabija:Gabija,Hachiman:Hachiman_I,Ogmios:Ogmios,Other:DMS_other,Other:PDC-M46,Other:PDC-S04,Other:PDC-S07,Other:PDC-S47,Other:PDC-S73,PD-T4-6:PD-T4-6,RM:RM_I,RM:RM_II,RM:RM_III,RM:RM_IV,Septu:Septu_I,Stk2:Stk2,Thoeris:Theoris_other,type_unresolved:subtype_unresolved",0
PRO_com_172,1,1,1,BAC_com_34,"CRISPR-Cas:CAS_Class1-IV,DRT:DRT_other,Gabija:Gabija,Gao_Mza:Gao_Mza,Ogmios:Ogmios,Other:DMS_other,Other:PDC-M22,Other:PDC-S07,Other:PDC-S22,Other:PDC-S42,Other:PDC-S73,PD-T4-6:PD-T4-6,RM:RM_I,RM:RM_II,RM:RM_IV,RloC:RloC,Thoeris:Theoris_other",0
PRO_com_177,1,1,1,BAC_com_65,"CRISPR-Cas:CAS_Class1-IV,CRISPR-Cas:CAS_Class2_II-A,CRISPR-Cas:subtype_unresolved,DRT:DRT_other,Gabija:Gabija,Nantosuelta:Nantosuelta,Other:DMS_other,Other:PDC-M46,Other:PDC-S04,Other:PDC-S05,Other:PDC-S07,Other:PDC-S30,Other:PDC-S73,PD-T4-6:PD-T4-6,PD-T7-2:PD-T7-2,RM:RM_I,RM:RM_II,RM:RM_III,RM:RM_IV,Septu:Septu_other,Thoeris:Theoris_other,type_unresolved:subtype_unresolved",0
PRO_com_178,1,1,1,BAC_com_32,"AbiE:AbiE,AbiH:AbiH,CRISPR-Cas:CAS_Class1-IV,DRT:DRT_other,Gabija:Gabija,Hachiman:Hachiman_I,Other:DMS_other,Other:PDC-M24,Other:PDC-M46,Other:PDC-M62,Other:PDC-S04,Other:PDC-S05,Other:PDC-S07,Other:PDC-S15,Other:PDC-S56,PD-T4-6:PD-T4-6,RM:RM_II,RM:RM_IIG,RM:RM_III,RM:RM_IV,Septu:Septu_other,Thoeris:Theoris_other",0
PRO_com_182,1,1,1,BAC_com_19,"Abi2DF:Abi2DF,AbiE:AbiE,Aditi:Aditi,CBASS:CBASS_I,CRISPR-Cas:CAS_Class1-IV,DRT:DRT_Class1_AbiAKP2,DRT:DRT_other,Gabija:Gabija,Kiwa:Kiwa,Lamassu:Lamassu,Ogmios:Ogmios,Other:DMS_other,Other:PDC-M47,Other:PDC-S04,Other:PDC-S05,Other:PDC-S07,Other:PDC-S13,Other:PDC-S73,PD-T4-6:PD-T4-6,PrrC:PrrC,RM:RM_I,RM:RM_II,RM:RM_IIG,RM:RM_IV,RosmerTA:RosmerTA,ShosTA:ShosTA,Thoeris:Theoris_other,type_unresolved:subtype_unresolved",0
PRO_com_2,1,1,1,BAC_com_1,"AbiE:AbiE,CRISPR-Cas:CAS_Class1-IV,DRT:DRT_other,Gabija:Gabija,Kiwa:Kiwa,Other:DMS_other,Other:PDC-S07,Other:PDC-S22,Other:PDC-S73,PD-T4-6:PD-T4-6,RM:RM_I,RM:RM_II,RM:RM_IV,Thoeris:Theoris_other",0
PRO_com_20,1,1,1,BAC_com_9,"Abi2DF:Abi2DF,AbiE:AbiE,AbiH:AbiH,AbiO:AbiO,CRISPR-Cas:CAS_Class1-IV,CRISPR-Cas:CAS_Class2_II-A,CRISPR-Cas:subtype_unresolved,DRT:DRT_other,Gabija:Gabija,Mokosh:Mokosh_II,Nantosuelta:Nantosuelta,Ogmios:Ogmios,Other:DMS_other,Other:PDC-M01,Other:PDC-M46,Other:PDC-S04,Other:PDC-S05,Other:PDC-S07,Other:PDC-S30,Other:PDC-S73,PD-T4-6:PD-T4-6,RM:RM_I,RM:RM_II,RM:RM_IV,Thoeris:Theoris_other,type_unresolved:subtype_unresolved",0
PRO_com_200,1,1,1,BAC_com_37,"Abi2DF:Abi2DF,AbiE:AbiE,AbiG:AbiG,CRISPR-Cas:CAS_Class1-IV,DRT:DRT_other,Gabija:Gabija,Other:DMS_other,Other:PDC-S04,Other:PDC-S07,Other:PDC-S13,Other:PDC-S14,Other:PDC-S32,PD-T4-6:PD-T4-6,Paris:Paris,RM:RM_I,RM:RM_II,RM:RM_IIG,RM:RM_IV,SoFIC:SoFIC,Thoeris:Theoris_other,type_unresolved:subtype_unresolved",0
PRO_com_201,1,1,1,BAC_com_37,"Abi2DF:Abi2DF,AbiE:AbiE,AbiG:AbiG,Belisama:Belisama,CRISPR-Cas:CAS_Class1-IV,DRT:DRT_other,Gabija:Gabija,Other:DMS_other,Other:PDC-S02,Other:PDC-S04,Other:PDC-S07,Other:PDC-S13,Other:PDC-S14,Other:PDC-S32,PD-T4-6:PD-T4-6,Paris:Paris,RM:RM_I,RM:RM_II,RM:RM_IIG,RM:RM_IV,SoFIC:SoFIC,Thoeris:Theoris_other,type_unresolved:subtype_unresolved",0
PRO_com_202,1,1,1,BAC_com_37,"Abi2DF:Abi2DF,AbiE:AbiE,AbiG:AbiG,Belisama:Belisama,CRISPR-Cas:CAS_Class1-IV,DRT:DRT_other,Gabija:Gabija,Other:DMS_other,Other:PDC-S02,Other:PDC-S04,Other:PDC-S07,Other:PDC-S13,Other:PDC-S14,Other:PDC-S32,PD-T4-6:PD-T4-6,Paris:Paris,RM:RM_I,RM:RM_II,RM:RM_IIG,RM:RM_IV,SoFIC:SoFIC,Thoeris:Theoris_other,type_unresolved:subtype_unresolved",0
PRO_com_203,1,1,1,BAC_com_73,"AbiE:AbiE,CRISPR-Cas:CAS_Class1-IV,DRT:DRT_other,DarTG:DarTG,Gabija:Gabija,Ogmios:Ogmios,Other:DMS_other,Other:PDC-M37,Other:PDC-S04,Other:PDC-S05,Other:PDC-S07,Other:PDC-S22,Other:PDC-S47,Other:PDC-S73,PD-T4-6:PD-T4-6,RM:RM_II,RM:RM_IV,Retron:Retron_I_C,Septu:Septu_other,Thoeris:Theoris_other,type_unresolved:subtype_unresolved",0
PRO_com_204,1,1,1,BAC_com_73,"AbiE:AbiE,CRISPR-Cas:CAS_Class1-IV,DRT:DRT_other,DarTG:DarTG,Gabija:Gabija,Ogmios:Ogmios,Other:DMS_other,Other:PDC-M37,Other:PDC-S04,Other:PDC-S05,Other:PDC-S07,Other:PDC-S22,Other:PDC-S47,Other:PDC-S73,PD-T4-6:PD-T4-6,RM:RM_II,RM:RM_IV,Retron:Retron_I_C,Septu:Septu_other,Thoeris:Theoris_other,type_unresolved:subtype_unresolved",0
PRO_com_206,1,1,1,BAC_com_75,"CRISPR-Cas:CAS_Class1-IV,DRT:DRT_other,Gabija:Gabija,Menshen:Menshen_other,Other:DMS_other,Other:PDC-S04,Other:PDC-S07,Other:PDC-S11,Other:PDC-S32,PD-T4-6:PD-T4-6,RM:RM_I,RM:RM_II,RM:RM_IIG,RM:RM_III,RosmerTA:RosmerTA,SoFIC:SoFIC,Thoeris:Theoris_other,Uzume:Uzume",0
PRO_com_207,1,1,1,BAC_com_63,"AbiE:AbiE,AbiG:AbiG,AbiH:AbiH,AbiR:AbiR,CRISPR-Cas:CAS_Class1-I-C,CRISPR-Cas:CAS_Class1-IV,DRT:DRT_other,Gabija:Gabija,Mokosh:Mokosh_II,Other:DMS_other,Other:PDC-S04,Other:PDC-S07,Other:PDC-S13,Other:PDC-S14,Other:PDC-S35,PD-T4-6:PD-T4-6,Paris:Paris,RM:RM_I,RM:RM_II,RM:RM_IIG,RM:RM_III,RM:RM_IV,SoFIC:SoFIC,Thoeris:Theoris_other,Thoeris:Thoeris_I,Uzume:Uzume",0
PRO_com_209,1,1,1,BAC_com_55,"AVAST:AVAST_II,CRISPR-Cas:CAS_Class1-IV,DRT:DRT_other,Gabija:Gabija,Kiwa:Kiwa,Nantosuelta:Nantosuelta,Other:DMS_other,Other:PDC-S05,Other:PDC-S07,PD-T4-6:PD-T4-6,RM:RM_I,RM:RM_II,RM:RM_IIG,RM:RM_IV,Rst_HelicaseDUF2290:Rst_HelicaseDUF2290,Thoeris:Theoris_other",0
PRO_com_21,1,1,1,BAC_com_9,"Abi2DF:Abi2DF,AbiE:AbiE,AbiH:AbiH,AbiO:AbiO,CRISPR-Cas:CAS_Class1-IV,CRISPR-Cas:CAS_Class2_II-A,CRISPR-Cas:subtype_unresolved,DRT:DRT_other,Gabija:Gabija,Mokosh:Mokosh_II,Nantosuelta:Nantosuelta,Ogmios:Ogmios,Other:DMS_other,Other:PDC-M01,Other:PDC-M46,Other:PDC-S04,Other:PDC-S05,Other:PDC-S07,Other:PDC-S30,Other:PDC-S73,PD-T4-6:PD-T4-6,RM:RM_I,RM:RM_II,RM:RM_IV,Thoeris:Theoris_other,type_unresolved:subtype_unresolved",0
PRO_com_210,1,1,1,BAC_com_37,"Abi2DF:Abi2DF,AbiE:AbiE,AbiG:AbiG,CRISPR-Cas:CAS_Class1-I-C,CRISPR-Cas:CAS_Class1-IV,DRT:DRT_other,Gabija:Gabija,Other:DMS_other,Other:PDC-S04,Other:PDC-S07,Other:PDC-S13,Other:PDC-S14,PD-T4-6:PD-T4-6,Paris:Paris,RM:RM_I,RM:RM_II,RM:RM_IIG,RM:RM_III,RM:RM_IV,SoFIC:SoFIC,Thoeris:Theoris_other,type_unresolved:subtype_unresolved",0
PRO_com_211,1,1,1,BAC_com_77,"Abi2DF:Abi2DF,AbiE:AbiE,AbiG:AbiG,CRISPR-Cas:CAS_Class1-IV,CRISPR-Cas:CAS_Class2_II-A,CRISPR-Cas:subtype_unresolved,DRT:DRT_other,Gabija:Gabija,MazEF:MazEF,Ogmios:Ogmios,Other:DMS_other,Other:PDC-M01,Other:PDC-M22,Other:PDC-S04,Other:PDC-S05,Other:PDC-S07,Other:PDC-S13,Other:PDC-S30,Other:PDC-S50,PD-T4-6:PD-T4-6,PrrC:PrrC,RM:RM_I,RM:RM_II,RM:RM_III,RM:RM_IV,Retron:Retron_I_C,SoFIC:SoFIC,Thoeris:Theoris_other,type_unresolved:subtype_unresolved",0
PRO_com_213,1,1,1,BAC_com_78,"Abi2DF:Abi2DF,AbiH:AbiH,CRISPR-Cas:CAS_Class1-I-C,CRISPR-Cas:CAS_Class1-IV,DRT:DRT_other,Gabija:Gabija,Ogmios:Ogmios,Other:DMS_other,Other:PDC-M47,Other:PDC-S07,Other:PDC-S73,PD-T4-6:PD-T4-6,RM:RM_I,RM:RM_II,RM:RM_IV,RosmerTA:RosmerTA,ShosTA:ShosTA,Stk2:Stk2,Thoeris:Theoris_other,Thoeris:Thoeris_I,Thoeris:Thoeris_IV",0
PRO_com_214,1,1,1,BAC_com_78,"Abi2DF:Abi2DF,AbiH:AbiH,CRISPR-Cas:CAS_Class1-I-C,CRISPR-Cas:CAS_Class1-IV,DRT:DRT_other,Gabija:Gabija,Ogmios:Ogmios,Other:DMS_other,Other:PDC-M47,Other:PDC-S07,Other:PDC-S73,PD-T4-6:PD-T4-6,RM:RM_I,RM:RM_II,RM:RM_IV,RosmerTA:RosmerTA,ShosTA:ShosTA,Stk2:Stk2,Thoeris:Theoris_other,Thoeris:Thoeris_I,Thoeris:Thoeris_IV",0
PRO_com_219,1,1,1,BAC_com_34,"CRISPR-Cas:CAS_Class1-IV,DRT:DRT_other,Gabija:Gabija,Menshen:Menshen_other,Other:DMS_other,Other:PDC-S07,Other:PDC-S22,Other:PDC-S73,PD-T4-6:PD-T4-6,RM:RM_I,RM:RM_II,RM:RM_IV,Thoeris:Theoris_other",0
PRO_com_22,1,1,1,BAC_com_10,"Abi2DF:Abi2DF,AbiE:AbiE,AbiH:AbiH,CRISPR-Cas:CAS_Class1-IV,DRT:DRT_other,Detocs:Detocs,Gabija:Gabija,MazEF:MazEF,Menshen:Menshen_other,Other:DMS_other,Other:PDC-M01,Other:PDC-S04,Other:PDC-S05,Other:PDC-S07,Other:PDC-S13,Other:PDC-S51,PD-T4-6:PD-T4-6,PD-T7-2:PD-T7-2,RM:RM_I,RM:RM_II,RM:RM_IV,RosmerTA:RosmerTA,Stk2:Stk2,Thoeris:Theoris_other,Uzume:Uzume,type_unresolved:subtype_unresolved",0
PRO_com_220,1,1,1,BAC_com_34,"CRISPR-Cas:CAS_Class1-IV,DRT:DRT_other,Gabija:Gabija,Menshen:Menshen_other,Other:DMS_other,Other:PDC-S07,Other:PDC-S22,Other:PDC-S73,PD-T4-6:PD-T4-6,RM:RM_I,RM:RM_II,RM:RM_IV,Thoeris:Theoris_other",0
PRO_com_221,1,1,1,BAC_com_34,"CRISPR-Cas:CAS_Class1-IV,DRT:DRT_other,Gabija:Gabija,Menshen:Menshen_other,Other:DMS_other,Other:PDC-S07,Other:PDC-S22,Other:PDC-S73,PD-T4-6:PD-T4-6,RM:RM_I,RM:RM_II,RM:RM_IV,Thoeris:Theoris_other",0
PRO_com_222,1,1,1,BAC_com_34,"CRISPR-Cas:CAS_Class1-IV,DRT:DRT_other,Gabija:Gabija,Menshen:Menshen_other,Other:DMS_other,Other:PDC-S07,Other:PDC-S22,Other:PDC-S73,PD-T4-6:PD-T4-6,RM:RM_I,RM:RM_II,RM:RM_IV,Thoeris:Theoris_other",0
PRO_com_226,1,1,1,BAC_com_55,"Aditi:Aditi,CRISPR-Cas:CAS_Class1-IV,DRT:DRT_other,Gabija:Gabija,Kiwa:Kiwa,Nantosuelta:Nantosuelta,Other:DMS_other,Other:PDC-S05,Other:PDC-S07,Other:PDC-S42,Other:PDC-S50,PD-T4-6:PD-T4-6,RM:RM_I,RM:RM_II,RM:RM_IV,RloC:RloC,Thoeris:Theoris_other",0
PRO_com_228,1,1,1,BAC_com_45,"AbiE:AbiE,CRISPR-Cas:CAS_Class1-IV,CRISPR-Cas:CAS_Class2_II-A,CRISPR-Cas:subtype_unresolved,DRT:DRT_other,Gabija:Gabija,Lamassu:Lamassu,Ogmios:Ogmios,Other:DMS_other,Other:PDC-S02,Other:PDC-S04,Other:PDC-S07,Other:PDC-S50,Other:PDC-S73,PD-T4-6:PD-T4-6,Paris:Paris,RM:RM_I,RM:RM_II,RM:RM_IV,Thoeris:Theoris_other",0
PRO_com_229,1,1,1,BAC_com_45,"AbiE:AbiE,CRISPR-Cas:CAS_Class1-IV,CRISPR-Cas:CAS_Class2_II-A,CRISPR-Cas:subtype_unresolved,DRT:DRT_other,Gabija:Gabija,Lamassu:Lamassu,Ogmios:Ogmios,Other:DMS_other,Other:PDC-S02,Other:PDC-S04,Other:PDC-S07,Other:PDC-S50,Other:PDC-S73,PD-T4-6:PD-T4-6,Paris:Paris,RM:RM_I,RM:RM_II,RM:RM_IV,Thoeris:Theoris_other",0
PRO_com_23,1,1,1,BAC_com_10,"Abi2DF:Abi2DF,AbiE:AbiE,AbiH:AbiH,CRISPR-Cas:CAS_Class1-IV,DRT:DRT_other,Detocs:Detocs,Gabija:Gabija,MazEF:MazEF,Menshen:Menshen_other,Other:DMS_other,Other:PDC-M01,Other:PDC-S04,Other:PDC-S05,Other:PDC-S07,Other:PDC-S13,Other:PDC-S51,PD-T4-6:PD-T4-6,PD-T7-2:PD-T7-2,RM:RM_I,RM:RM_II,RM:RM_IV,RosmerTA:RosmerTA,Stk2:Stk2,Thoeris:Theoris_other,Uzume:Uzume,type_unresolved:subtype_unresolved",0
PRO_com_231,1,1,1,BAC_com_82,"Abi2DF:Abi2DF,AbiE:AbiE,AbiH:AbiH,AbiQ:AbiQ,CRISPR-Cas:CAS_Class1-IV,DRT:DRT_other,Dodola:Dodola,Gabija:Gabija,Gao_ietAS:Gao_ietAS,NixI:NixI,Other:DMS_other,Other:PDC-S04,Other:PDC-S07,Other:PDC-S14,Other:PDC-S19,PD-T4-6:PD-T4-6,Paris:Paris,RM:RM_I,RM:RM_II,RM:RM_IV,SoFIC:SoFIC,Thoeris:Theoris_other",0
PRO_com_234,1,1,1,BAC_com_83,"AbiE:AbiE,CRISPR-Cas:CAS_Class1-IV,DRT:DRT_other,Gabija:Gabija,Kiwa:Kiwa,Other:DMS_other,Other:PDC-S04,Other:PDC-S05,Other:PDC-S07,Other:PDC-S42,PD-T4-6:PD-T4-6,RM:RM_I,RM:RM_II,RM:RM_IIG,RM:RM_IV,RloC:RloC,Thoeris:Theoris_other,type_unresolved:subtype_unresolved",0
PRO_com_235,1,1,1,BAC_com_83,"AbiE:AbiE,CRISPR-Cas:CAS_Class1-IV,DRT:DRT_other,Gabija:Gabija,Kiwa:Kiwa,Other:DMS_other,Other:PDC-S04,Other:PDC-S05,Other:PDC-S07,Other:PDC-S42,PD-T4-6:PD-T4-6,RM:RM_I,RM:RM_II,RM:RM_IIG,RM:RM_IV,RloC:RloC,Thoeris:Theoris_other,type_unresolved:subtype_unresolved",0
PRO_com_236,1,1,1,BAC_com_81,"CRISPR-Cas:CAS_Class1-IV,CRISPR-Cas:CAS_Class2_II-A,CRISPR-Cas:subtype_unresolved,DRT:DRT_other,Gabija:Gabija,Lamassu:Lamassu,Other:DMS_other,Other:PDC-S05,Other:PDC-S07,PD-T4-6:PD-T4-6,PD-T7-2:PD-T7-2,RM:RM_I,RM:RM_II,RM:RM_IIG,RM:RM_III,RM:RM_IV,RloC:RloC,RosmerTA:RosmerTA,Thoeris:Theoris_other,type_unresolved:subtype_unresolved",0
PRO_com_237,1,1,1,BAC_com_81,"CRISPR-Cas:CAS_Class1-IV,CRISPR-Cas:CAS_Class2_II-A,CRISPR-Cas:subtype_unresolved,DRT:DRT_other,Gabija:Gabija,Lamassu:Lamassu,Other:DMS_other,Other:PDC-S05,Other:PDC-S07,PD-T4-6:PD-T4-6,PD-T7-2:PD-T7-2,RM:RM_I,RM:RM_II,RM:RM_IIG,RM:RM_III,RM:RM_IV,RloC:RloC,RosmerTA:RosmerTA,Thoeris:Theoris_other,type_unresolved:subtype_unresolved",0
PRO_com_239,1,1,1,BAC_com_84,"AbiH:AbiH,CRISPR-Cas:CAS_Class1-IV,DRT:DRT_other,Gabija:Gabija,Other:DMS_other,Other:PDC-M62,Other:PDC-S04,Other:PDC-S05,Other:PDC-S07,PD-T4-6:PD-T4-6,RM:RM_I,RM:RM_II,RM:RM_III,RM:RM_IV,Septu:Septu_other,Thoeris:Theoris_other",0
PRO_com_240,1,1,1,BAC_com_85,"AbiE:AbiE,AbiH:AbiH,Belisama:Belisama,CRISPR-Cas:CAS_Class1-I-C,CRISPR-Cas:CAS_Class1-IV,CRISPR-Cas:CAS_other,DRT:DRT_other,Dodola:Dodola,Gabija:Gabija,MazEF:MazEF,Other:DMS_other,Other:HEC-06,Other:PDC-M49,Other:PDC-S04,Other:PDC-S07,Other:PDC-S13,Other:PDC-S14,Other:PDC-S30,PD-T4-6:PD-T4-6,RM:RM_I,RM:RM_II,RM:RM_III,RM:RM_IV,SoFIC:SoFIC,Thoeris:Theoris_other,type_unresolved:subtype_unresolved",0
PRO_com_241,1,1,1,BAC_com_85,"AbiE:AbiE,AbiH:AbiH,Belisama:Belisama,CRISPR-Cas:CAS_Class1-I-C,CRISPR-Cas:CAS_Class1-IV,CRISPR-Cas:CAS_other,DRT:DRT_other,Dodola:Dodola,Gabija:Gabija,MazEF:MazEF,Other:DMS_other,Other:HEC-06,Other:PDC-M49,Other:PDC-S04,Other:PDC-S07,Other:PDC-S13,Other:PDC-S14,Other:PDC-S30,PD-T4-6:PD-T4-6,RM:RM_I,RM:RM_II,RM:RM_III,RM:RM_IV,SoFIC:SoFIC,Thoeris:Theoris_other,type_unresolved:subtype_unresolved",0
PRO_com_242,1,1,1,BAC_com_85,"AbiE:AbiE,AbiH:AbiH,Belisama:Belisama,CRISPR-Cas:CAS_Class1-I-C,CRISPR-Cas:CAS_Class1-IV,CRISPR-Cas:CAS_other,DRT:DRT_other,Dodola:Dodola,Gabija:Gabija,MazEF:MazEF,Other:DMS_other,Other:HEC-06,Other:PDC-M49,Other:PDC-S04,Other:PDC-S07,Other:PDC-S13,Other:PDC-S14,Other:PDC-S30,PD-T4-6:PD-T4-6,RM:RM_I,RM:RM_II,RM:RM_III,RM:RM_IV,SoFIC:SoFIC,Thoeris:Theoris_other,type_unresolved:subtype_unresolved",0
PRO_com_243,1,1,1,BAC_com_86,"Belisama:Belisama,CBASS:CBASS_I,CRISPR-Cas:CAS_Class1-IV,DRT:DRT_other,Gabija:Gabija,MazEF:MazEF,Mokosh:Mokosh_II,Other:DMS_other,Other:PDC-S04,Other:PDC-S05,Other:PDC-S07,Other:PDC-S30,Other:PDC-S35,PD-T4-6:PD-T4-6,PrrC:PrrC,RM:RM_I,RM:RM_II,RM:RM_III,SoFIC:SoFIC,Thoeris:Theoris_other,type_unresolved:subtype_unresolved",0
PRO_com_244,1,1,1,BAC_com_86,"Belisama:Belisama,CBASS:CBASS_I,CRISPR-Cas:CAS_Class1-IV,DRT:DRT_other,Gabija:Gabija,MazEF:MazEF,Mokosh:Mokosh_II,Other:DMS_other,Other:PDC-S04,Other:PDC-S05,Other:PDC-S07,Other:PDC-S30,Other:PDC-S35,PD-T4-6:PD-T4-6,PrrC:PrrC,RM:RM_I,RM:RM_II,RM:RM_III,SoFIC:SoFIC,Thoeris:Theoris_other,type_unresolved:subtype_unresolved",0
PRO_com_245,1,1,1,BAC_com_86,"Belisama:Belisama,CBASS:CBASS_I,CRISPR-Cas:CAS_Class1-IV,DRT:DRT_other,Gabija:Gabija,MazEF:MazEF,Mokosh:Mokosh_II,Other:DMS_other,Other:PDC-S04,Other:PDC-S05,Other:PDC-S07,Other:PDC-S30,Other:PDC-S35,PD-T4-6:PD-T4-6,PrrC:PrrC,RM:RM_I,RM:RM_II,RM:RM_III,SoFIC:SoFIC,Thoeris:Theoris_other,type_unresolved:subtype_unresolved",0
PRO_com_246,1,1,1,BAC_com_86,"Belisama:Belisama,CBASS:CBASS_I,CRISPR-Cas:CAS_Class1-IV,DRT:DRT_other,Gabija:Gabija,MazEF:MazEF,Mokosh:Mokosh_II,Other:DMS_other,Other:PDC-S04,Other:PDC-S05,Other:PDC-S07,Other:PDC-S30,Other:PDC-S35,PD-T4-6:PD-T4-6,PrrC:PrrC,RM:RM_I,RM:RM_II,RM:RM_III,SoFIC:SoFIC,Thoeris:Theoris_other,type_unresolved:subtype_unresolved",0
PRO_com_247,1,1,1,BAC_com_5,"Abi2DF:Abi2DF,AbiE:AbiE,CBASS:CBASS_II,CRISPR-Cas:CAS_Class1-I-C,CRISPR-Cas:CAS_Class1-IV,DRT:DRT_other,Gabija:Gabija,Hachiman:Hachiman_I,MazEF:MazEF,Other:DMS_other,Other:PDC-M46,Other:PDC-S04,Other:PDC-S07,Other:PDC-S16,Other:PDC-S30,PD-T4-6:PD-T4-6,Paris:Paris,RM:RM_I,RM:RM_II,RM:RM_III,RM:RM_IV,SoFIC:SoFIC,Thoeris:Theoris_other,type_unresolved:subtype_unresolved",0
PRO_com_250,1,1,1,BAC_com_87,"AbiE:AbiE,CRISPR-Cas:CAS_Class1-I-C,CRISPR-Cas:CAS_Class1-IV,DRT:DRT_other,Gabija:Gabija,Kiwa:Kiwa,Other:DMS_other,Other:PDC-M24,Other:PDC-S04,Other:PDC-S05,Other:PDC-S07,Other:PDC-S13,Other:PDC-S14,Other:PDC-S30,Other:PDC-S32,Other:PDC-S35,PD-T4-6:PD-T4-6,RM:RM_I,RM:RM_II,RM:RM_IIG,RM:RM_III,RM:RM_IV,SoFIC:SoFIC,Thoeris:Theoris_other,Thoeris:Thoeris_I,type_unresolved:subtype_unresolved",0
PRO_com_251,1,1,1,BAC_com_89,"Abi2DF:Abi2DF,AbiE:AbiE,Borvo:Borvo,CRISPR-Cas:CAS_Class1-I-C,CRISPR-Cas:CAS_Class1-IV,DRT:DRT_other,Gabija:Gabija,MazEF:MazEF,Other:DMS_other,Other:PDC-S07,Other:PDC-S11,PD-T4-6:PD-T4-6,RM:RM_I,RM:RM_IIG,RM:RM_IV,Thoeris:Theoris_other,Uzume:Uzume,type_unresolved:subtype_unresolved",0
PRO_com_259,1,1,1,BAC_com_102,"CRISPR-Cas:CAS_Class1-IV,CRISPR-Cas:CAS_Class2_II-A,CRISPR-Cas:subtype_unresolved,DRT:DRT_other,Gabija:Gabija,Mokosh:Mokosh_II,Ogmios:Ogmios,Other:DMS_other,Other:PDC-M01,Other:PDC-M62,Other:PDC-S04,Other:PDC-S07,Other:PDC-S30,Other:PDC-S73,PD-T4-6:PD-T4-6,RM:RM_I,RM:RM_II,RM:RM_IV,Septu:Septu_other,Thoeris:Theoris_other,type_unresolved:subtype_unresolved",0
PRO_com_26,1,1,1,BAC_com_11,"Abi2DF:Abi2DF,AbiE:AbiE,AbiH:AbiH,CRISPR-Cas:CAS_Class1-IV,DRT:DRT_other,Gabija:Gabija,Nantosuelta:Nantosuelta,Ogmios:Ogmios,Other:DMS_other,Other:PDC-M62,Other:PDC-S05,Other:PDC-S07,Other:PDC-S30,PD-T4-6:PD-T4-6,Paris:Paris,RM:RM_II,RM:RM_III,RM:RM_IV,RosmerTA:RosmerTA,Septu:Septu_other,Thoeris:Theoris_other",0
PRO_com_260,1,1,1,BAC_com_102,"CRISPR-Cas:CAS_Class1-IV,CRISPR-Cas:CAS_Class2_II-A,CRISPR-Cas:subtype_unresolved,DRT:DRT_other,Gabija:Gabija,Mokosh:Mokosh_II,Ogmios:Ogmios,Other:DMS_other,Other:PDC-M01,Other:PDC-M62,Other:PDC-S04,Other:PDC-S07,Other:PDC-S30,Other:PDC-S73,PD-T4-6:PD-T4-6,RM:RM_I,RM:RM_II,RM:RM_IV,Septu:Septu_other,Thoeris:Theoris_other,type_unresolved:subtype_unresolved",0
PRO_com_261,1,1,1,BAC_com_102,"CRISPR-Cas:CAS_Class1-IV,CRISPR-Cas:CAS_Class2_II-A,CRISPR-Cas:subtype_unresolved,DRT:DRT_other,Gabija:Gabija,Mokosh:Mokosh_II,Ogmios:Ogmios,Other:DMS_other,Other:PDC-M01,Other:PDC-M62,Other:PDC-S04,Other:PDC-S07,Other:PDC-S30,Other:PDC-S73,PD-T4-6:PD-T4-6,RM:RM_I,RM:RM_II,RM:RM_IV,Septu:Septu_other,Thoeris:Theoris_other,type_unresolved:subtype_unresolved",0
PRO_com_262,1,1,1,BAC_com_103,"AbiE:AbiE,CRISPR-Cas:CAS_Class1-IV,DRT:DRT_Class1_AbiAKP4,DRT:DRT_other,Gabija:Gabija,Other:DMS_other,Other:HEC-06,Other:PDC-M24,Other:PDC-S04,Other:PDC-S05,Other:PDC-S07,Other:PDC-S42,Other:PDC-S73,PD-T4-6:PD-T4-6,RM:RM_I,RM:RM_II,RM:RM_III,RloC:RloC,Thoeris:Theoris_other",0
PRO_com_266,1,1,1,BAC_com_51,"Abi2DF:Abi2DF,AbiE:AbiE,CRISPR-Cas:CAS_Class1-IV,CRISPR-Cas:CAS_Class2_II-A,CRISPR-Cas:subtype_unresolved,DRT:DRT_other,Gabija:Gabija,Other:DMS_other,Other:PDC-S04,Other:PDC-S07,Other:PDC-S56,PD-T4-6:PD-T4-6,PrrC:PrrC,RM:RM_I,RM:RM_III,RM:RM_IV,Thoeris:Theoris_other,type_unresolved:subtype_unresolved",0
PRO_com_268,1,1,1,BAC_com_106,"Abi2DF:Abi2DF,AbiE:AbiE,AbiH:AbiH,CRISPR-Cas:CAS_Class1-IV,CRISPR-Cas:CAS_Class2_II-A,CRISPR-Cas:subtype_unresolved,DRT:DRT_other,Gabija:Gabija,Gao_ietAS:Gao_ietAS,Mokosh:Mokosh_II,Other:DMS_other,Other:HEC-06,Other:PDC-S04,Other:PDC-S05,Other:PDC-S07,Other:PDC-S47,PD-T4-6:PD-T4-6,RM:RM_II,RM:RM_IIG,RM:RM_IV,SoFIC:SoFIC,Thoeris:Theoris_other",0
PRO_com_27,1,1,1,BAC_com_11,"Abi2DF:Abi2DF,AbiE:AbiE,AbiH:AbiH,CRISPR-Cas:CAS_Class1-IV,DRT:DRT_other,Gabija:Gabija,Nantosuelta:Nantosuelta,Ogmios:Ogmios,Other:DMS_other,Other:PDC-M62,Other:PDC-S05,Other:PDC-S07,Other:PDC-S30,PD-T4-6:PD-T4-6,Paris:Paris,RM:RM_II,RM:RM_III,RM:RM_IV,RosmerTA:RosmerTA,Septu:Septu_other,Thoeris:Theoris_other",0
PRO_com_273,1,1,1,BAC_com_3,"Abi2DF:Abi2DF,AbiE:AbiE,Aditi:Aditi,CRISPR-Cas:CAS_Class1-I-C,CRISPR-Cas:CAS_Class1-IV,CRISPR-Cas:CAS_Class2_II-A,CRISPR-Cas:subtype_unresolved,DRT:DRT_other,Gabija:Gabija,Other:DMS_other,Other:PDC-S04,Other:PDC-S05,Other:PDC-S07,Other:PDC-S11,PD-T4-6:PD-T4-6,Paris:Paris,RM:RM_I,RM:RM_II,RM:RM_III,RM:RM_IV,RosmerTA:RosmerTA,SoFIC:SoFIC,Thoeris:Theoris_other",0
PRO_com_280,1,1,1,BAC_com_41,"Abi2DF:Abi2DF,AbiH:AbiH,CRISPR-Cas:CAS_Class1-IV,DRT:DRT_other,Gabija:Gabija,Lamassu:Lamassu,Other:DMS_other,Other:PDC-M67,Other:PDC-S04,Other:PDC-S05,Other:PDC-S07,Other:PDC-S13,Other:PDC-S14,Other:PDC-S30,PD-T4-6:PD-T4-6,Paris:Paris,PrrC:PrrC,RM:RM_I,RM:RM_II,RM:RM_III,RM:RM_IV,SoFIC:SoFIC,Stk2:Stk2,Thoeris:Theoris_other,Uzume:Uzume,VP-number:VP1853",0
PRO_com_281,1,1,1,BAC_com_110,"Abi2DF:Abi2DF,AbiE:AbiE,AbiH:AbiH,CRISPR-Cas:CAS_Class1-IV,DRT:DRT_other,Gabija:Gabija,Lamassu:Lamassu,Other:DMS_other,Other:PDC-S07,PD-T4-6:PD-T4-6,Paris:Paris,RM:RM_I,RM:RM_IIG,RM:RM_IV,Thoeris:Theoris_other,Uzume:Uzume,type_unresolved:subtype_unresolved",0
PRO_com_283,1,1,1,BAC_com_2,"AbiE:AbiE,Belisama:Belisama,CRISPR-Cas:CAS_Class1-IV,DRT:DRT_other,Gabija:Gabija,Other:DMS_other,Other:PDC-S04,Other:PDC-S07,Other:PDC-S50,PD-T4-6:PD-T4-6,RM:RM_I,RM:RM_II,RM:RM_III,RM:RM_IV,RosmerTA:RosmerTA,Stk2:Stk2,Thoeris:Theoris_other",0
PRO_com_284,1,1,1,BAC_com_2,"AbiE:AbiE,Belisama:Belisama,CRISPR-Cas:CAS_Class1-IV,DRT:DRT_other,Gabija:Gabija,Other:DMS_other,Other:PDC-S04,Other:PDC-S07,Other:PDC-S50,PD-T4-6:PD-T4-6,RM:RM_I,RM:RM_II,RM:RM_III,RM:RM_IV,RosmerTA:RosmerTA,Stk2:Stk2,Thoeris:Theoris_other",0
PRO_com_285,1,1,1,BAC_com_2,"AbiE:AbiE,Belisama:Belisama,CRISPR-Cas:CAS_Class1-IV,DRT:DRT_other,Gabija:Gabija,Other:DMS_other,Other:PDC-S04,Other:PDC-S07,Other:PDC-S50,PD-T4-6:PD-T4-6,RM:RM_I,RM:RM_II,RM:RM_III,RM:RM_IV,RosmerTA:RosmerTA,Stk2:Stk2,Thoeris:Theoris_other",0
PRO_com_286,1,1,1,BAC_com_2,"AbiE:AbiE,Belisama:Belisama,CRISPR-Cas:CAS_Class1-IV,DRT:DRT_other,Gabija:Gabija,Other:DMS_other,Other:PDC-S04,Other:PDC-S07,Other:PDC-S50,PD-T4-6:PD-T4-6,RM:RM_I,RM:RM_II,RM:RM_III,RM:RM_IV,RosmerTA:RosmerTA,Stk2:Stk2,Thoeris:Theoris_other",0
PRO_com_297,1,1,1,BAC_com_5,"Abi2DF:Abi2DF,AbiE:AbiE,CBASS:CBASS_II,CRISPR-Cas:CAS_Class1-IV,DRT:DRT_other,Gabija:Gabija,Hachiman:Hachiman_I,Other:DMS_other,Other:PDC-M46,Other:PDC-S02,Other:PDC-S04,Other:PDC-S07,Other:PDC-S30,PD-Lambda-1:PD-Lambda-1,PD-T4-6:PD-T4-6,Paris:Paris,RM:RM_I,RM:RM_II,RM:RM_III,RM:RM_IV,SoFIC:SoFIC,Thoeris:Theoris_other,type_unresolved:subtype_unresolved",0
PRO_com_298,1,1,1,BAC_com_115,"Abi2DF:Abi2DF,AbiE:AbiE,AbiH:AbiH,AbiZ:AbiZ,CRISPR-Cas:CAS_Class1-I-C,CRISPR-Cas:CAS_Class1-IV,DRT:DRT_other,Dodola:Dodola,Gabija:Gabija,MazEF:MazEF,Mokosh:Mokosh_II,Other:DMS_other,Other:PDC-S04,Other:PDC-S05,Other:PDC-S07,Other:PDC-S14,PD-T4-6:PD-T4-6,PrrC:PrrC,RM:RM_I,RM:RM_II,RM:RM_IIG,RM:RM_IV,SoFIC:SoFIC,Thoeris:Theoris_other,Thoeris:Thoeris_I,tmn:tmn-beta",0
PRO_com_299,1,1,1,BAC_com_115,"Abi2DF:Abi2DF,AbiE:AbiE,AbiH:AbiH,AbiZ:AbiZ,CRISPR-Cas:CAS_Class1-I-C,CRISPR-Cas:CAS_Class1-IV,DRT:DRT_other,Dodola:Dodola,Gabija:Gabija,MazEF:MazEF,Mokosh:Mokosh_II,Other:DMS_other,Other:PDC-S04,Other:PDC-S05,Other:PDC-S07,Other:PDC-S14,PD-T4-6:PD-T4-6,PrrC:PrrC,RM:RM_I,RM:RM_II,RM:RM_IIG,RM:RM_IV,SoFIC:SoFIC,Thoeris:Theoris_other,Thoeris:Thoeris_I,tmn:tmn-beta",0
PRO_com_300,1,1,1,BAC_com_115,"Abi2DF:Abi2DF,AbiE:AbiE,AbiH:AbiH,AbiZ:AbiZ,CRISPR-Cas:CAS_Class1-I-C,CRISPR-Cas:CAS_Class1-IV,DRT:DRT_other,Dodola:Dodola,Gabija:Gabija,MazEF:MazEF,Mokosh:Mokosh_II,Other:DMS_other,Other:PDC-S04,Other:PDC-S05,Other:PDC-S07,Other:PDC-S14,PD-T4-6:PD-T4-6,PrrC:PrrC,RM:RM_I,RM:RM_II,RM:RM_IIG,RM:RM_IV,SoFIC:SoFIC,Thoeris:Theoris_other,Thoeris:Thoeris_I,tmn:tmn-beta",0
PRO_com_304,1,1,1,BAC_com_41,"AbiE:AbiE,AbiH:AbiH,AbiZ:AbiZ,CBASS:CBASS_II,CRISPR-Cas:CAS_Class1-IV,DRT:DRT_other,Gabija:Gabija,Lamassu:Lamassu,Other:DMS_other,Other:PDC-M67,Other:PDC-S04,Other:PDC-S05,Other:PDC-S07,Other:PDC-S14,Other:PDC-S30,PD-T4-6:PD-T4-6,PrrC:PrrC,RM:RM_I,RM:RM_II,RM:RM_III,RM:RM_IV,SoFIC:SoFIC,Thoeris:Theoris_other,type_unresolved:subtype_unresolved",0
PRO_com_305,1,1,1,BAC_com_41,"AbiE:AbiE,AbiH:AbiH,AbiZ:AbiZ,CBASS:CBASS_II,CRISPR-Cas:CAS_Class1-IV,DRT:DRT_other,Gabija:Gabija,Lamassu:Lamassu,Other:DMS_other,Other:PDC-M67,Other:PDC-S04,Other:PDC-S05,Other:PDC-S07,Other:PDC-S14,Other:PDC-S30,PD-T4-6:PD-T4-6,PrrC:PrrC,RM:RM_I,RM:RM_II,RM:RM_III,RM:RM_IV,SoFIC:SoFIC,Thoeris:Theoris_other,type_unresolved:subtype_unresolved",0
PRO_com_306,1,1,1,BAC_com_116,"Abi2DF:Abi2DF,AbiE:AbiE,Bunzi:Bunzi,CRISPR-Cas:CAS_Class1-IV,DRT:DRT_other,Gabija:Gabija,Hna:Hna,Kiwa:Kiwa,Other:DMS_other,Other:PDC-S04,Other:PDC-S05,Other:PDC-S07,Other:PDC-S30,PD-T4-6:PD-T4-6,PD-T7-2:PD-T7-2,PrrC:PrrC,RM:RM_I,RM:RM_II,RM:RM_IIG,RM:RM_III,RM:RM_IV,RosmerTA:RosmerTA,Stk2:Stk2,Thoeris:Theoris_other,Thoeris:Thoeris_I",0
PRO_com_310,1,1,1,BAC_com_119,"Abi2DF:Abi2DF,AbiE:AbiE,CRISPR-Cas:CAS_Class1-IV,CRISPR-Cas:CAS_Class2_II-A,CRISPR-Cas:subtype_unresolved,DRT:DRT_Class2,DRT:DRT_other,Gabija:Gabija,Mokosh:Mokosh_II,Other:DMS_other,Other:PDC-S04,Other:PDC-S05,Other:PDC-S07,PD-T4-6:PD-T4-6,RM:RM_I,RM:RM_II,RM:RM_IV,Thoeris:Theoris_other,type_unresolved:subtype_unresolved",0
PRO_com_311,1,1,1,BAC_com_119,"Abi2DF:Abi2DF,AbiE:AbiE,CRISPR-Cas:CAS_Class1-IV,CRISPR-Cas:CAS_Class2_II-A,CRISPR-Cas:subtype_unresolved,DRT:DRT_Class2,DRT:DRT_other,Gabija:Gabija,Mokosh:Mokosh_II,Other:DMS_other,Other:PDC-S04,Other:PDC-S05,Other:PDC-S07,PD-T4-6:PD-T4-6,RM:RM_I,RM:RM_II,RM:RM_IV,Thoeris:Theoris_other,type_unresolved:subtype_unresolved",0
PRO_com_312,1,1,1,BAC_com_16,"Abi2DF:Abi2DF,AbiE:AbiE,CRISPR-Cas:CAS_Class1-I-C,CRISPR-Cas:CAS_Class1-IV,DRT:DRT_other,Gabija:Gabija,Lamassu:Lamassu,Other:DMS_other,Other:PDC-M62,Other:PDC-S02,Other:PDC-S07,Other:PDC-S73,PD-T4-6:PD-T4-6,RM:RM_I,RM:RM_II,RM:RM_IV,Septu:Septu_other,ShosTA:ShosTA,Thoeris:Theoris_other,type_unresolved:subtype_unresolved",0
PRO_com_318,1,1,1,BAC_com_120,"AbiE:AbiE,AbiH:AbiH,Aditi:Aditi,CRISPR-Cas:CAS_Class1-I-C,CRISPR-Cas:CAS_Class1-IV,DRT:DRT_Class2,DRT:DRT_other,Gabija:Gabija,MazEF:MazEF,Other:DMS_other,Other:PDC-M24,Other:PDC-S04,Other:PDC-S05,Other:PDC-S07,Other:PDC-S13,Other:PDC-S14,Other:PDC-S30,Other:PDC-S47,PD-T4-6:PD-T4-6,PD-T4-9:PD-T4-9,RM:RM_I,RM:RM_II,RM:RM_IIG,RM:RM_III,RM:RM_IV,SoFIC:SoFIC,Thoeris:Theoris_other,Thoeris:Thoeris_I,type_unresolved:subtype_unresolved",0
PRO_com_32,1,1,1,BAC_com_3,"Abi2DF:Abi2DF,AbiE:AbiE,AbiZ:AbiZ,CRISPR-Cas:CAS_Class1-I-C,CRISPR-Cas:CAS_Class1-IV,DRT:DRT_other,Dodola:Dodola,Gabija:Gabija,Ogmios:Ogmios,Other:DMS_other,Other:PDC-M46,Other:PDC-S04,Other:PDC-S05,Other:PDC-S07,Other:PDC-S11,Other:PDC-S13,Other:PDC-S30,PD-T4-6:PD-T4-6,Paris:Paris,PrrC:PrrC,RM:RM_I,RM:RM_II,RM:RM_IIG,RM:RM_III,RM:RM_IV,RosmerTA:RosmerTA,Thoeris:Theoris_other,tmn:tmn-beta",0
PRO_com_321,1,1,1,BAC_com_3,"Abi2DF:Abi2DF,AbiE:AbiE,Aditi:Aditi,CRISPR-Cas:CAS_Class1-I-C,CRISPR-Cas:CAS_Class2_II-A,CRISPR-Cas:subtype_unresolved,DRT:DRT_other,Gabija:Gabija,Other:DMS_other,Other:PDC-S04,Other:PDC-S07,Other:PDC-S11,Other:PDC-S22,PD-T4-6:PD-T4-6,Paris:Paris,RM:RM_I,RM:RM_II,RM:RM_III,RM:RM_IV,RosmerTA:RosmerTA,SoFIC:SoFIC,Thoeris:Theoris_other",0
PRO_com_323,1,1,1,BAC_com_121,"AbiE:AbiE,Belisama:Belisama,CRISPR-Cas:CAS_Class1-IV,DRT:DRT_other,Gabija:Gabija,Lamassu:Lamassu,MazEF:MazEF,Mokosh:Mokosh_II,Other:DMS_other,Other:PDC-M14,Other:PDC-S04,Other:PDC-S05,Other:PDC-S30,PD-T4-6:PD-T4-6,RM:RM_I,RM:RM_II,Stk2:Stk2,Thoeris:Theoris_other,type_unresolved:subtype_unresolved",0
PRO_com_324,1,1,1,BAC_com_121,"AbiE:AbiE,Belisama:Belisama,CRISPR-Cas:CAS_Class1-IV,DRT:DRT_other,Gabija:Gabija,Lamassu:Lamassu,MazEF:MazEF,Mokosh:Mokosh_II,Other:DMS_other,Other:PDC-M14,Other:PDC-S04,Other:PDC-S05,Other:PDC-S30,PD-T4-6:PD-T4-6,RM:RM_I,RM:RM_II,Stk2:Stk2,Thoeris:Theoris_other,type_unresolved:subtype_unresolved",0
PRO_com_325,1,1,1,BAC_com_121,"AbiE:AbiE,Belisama:Belisama,CRISPR-Cas:CAS_Class1-IV,DRT:DRT_other,Gabija:Gabija,Lamassu:Lamassu,MazEF:MazEF,Mokosh:Mokosh_II,Other:DMS_other,Other:PDC-M14,Other:PDC-S04,Other:PDC-S05,Other:PDC-S30,PD-T4-6:PD-T4-6,RM:RM_I,RM:RM_II,Stk2:Stk2,Thoeris:Theoris_other,type_unresolved:subtype_unresolved",0
PRO_com_33,1,1,1,BAC_com_3,"AVAST:AVAST_II,Abi2DF:Abi2DF,Belisama:Belisama,CRISPR-Cas:CAS_Class1-IV,DRT:DRT_other,Dodola:Dodola,Gabija:Gabija,Gao_ietAS:Gao_ietAS,Ogmios:Ogmios,Other:DMS_other,Other:PDC-M14,Other:PDC-M46,Other:PDC-S04,Other:PDC-S07,Other:PDC-S11,Other:PDC-S13,Other:PDC-S30,PD-T4-6:PD-T4-6,Paris:Paris,RM:RM_I,RM:RM_IIG,RM:RM_III,RM:RM_IV,RosmerTA:RosmerTA,SoFIC:SoFIC,Thoeris:Theoris_other,tmn:tmn-beta",0
PRO_com_330,1,1,1,BAC_com_117,"AbiE:AbiE,AbiH:AbiH,CBASS:CBASS_I,CBASS:CBASS_II,CRISPR-Cas:CAS_Class1-IV,DRT:DRT_other,Gabija:Gabija,Gao_ietAS:Gao_ietAS,Mokosh:Mokosh_II,Other:DMS_other,Other:PDC-M14,Other:PDC-S04,Other:PDC-S07,Other:PDC-S13,Other:PDC-S30,PD-T4-6:PD-T4-6,RM:RM_II,RM:RM_III,RM:RM_IV,RosmerTA:RosmerTA,Thoeris:Theoris_other",0
PRO_com_333,1,1,1,BAC_com_16,"Abi2DF:Abi2DF,AbiE:AbiE,CRISPR-Cas:CAS_Class1-I-C,CRISPR-Cas:CAS_Class1-IV,DRT:DRT_other,Gabija:Gabija,Lamassu:Lamassu,Other:DMS_other,Other:PDC-M62,Other:PDC-S02,Other:PDC-S07,Other:PDC-S73,PD-T4-6:PD-T4-6,RM:RM_I,RM:RM_II,RM:RM_IV,Septu:Septu_other,ShosTA:ShosTA,Thoeris:Theoris_other,type_unresolved:subtype_unresolved",0
PRO_com_334,1,1,1,BAC_com_125,"AbiH:AbiH,AbiQ:AbiQ,CRISPR-Cas:CAS_Class1-IV,DRT:DRT_other,Gabija:Gabija,Hachiman:Hachiman_I,Lamassu:Lamassu,Mokosh:Mokosh_II,Other:DMS_other,Other:PDC-M01,Other:PDC-M11,Other:PDC-M24,Other:PDC-S04,Other:PDC-S05,Other:PDC-S07,PD-T4-6:PD-T4-6,RM:RM_I,RM:RM_II,RM:RM_III,RM:RM_IV,Thoeris:Theoris_other,Viperins:Viperins,type_unresolved:subtype_unresolved",0
PRO_com_335,1,1,1,BAC_com_125,"AbiH:AbiH,AbiQ:AbiQ,CRISPR-Cas:CAS_Class1-IV,DRT:DRT_other,Gabija:Gabija,Hachiman:Hachiman_I,Lamassu:Lamassu,Mokosh:Mokosh_II,Other:DMS_other,Other:PDC-M01,Other:PDC-M11,Other:PDC-M24,Other:PDC-S04,Other:PDC-S05,Other:PDC-S07,PD-T4-6:PD-T4-6,RM:RM_I,RM:RM_II,RM:RM_III,RM:RM_IV,Thoeris:Theoris_other,Viperins:Viperins,type_unresolved:subtype_unresolved",0
PRO_com_336,1,1,1,BAC_com_125,"AbiH:AbiH,AbiQ:AbiQ,CRISPR-Cas:CAS_Class1-IV,DRT:DRT_other,Gabija:Gabija,Hachiman:Hachiman_I,Lamassu:Lamassu,Mokosh:Mokosh_II,Other:DMS_other,Other:PDC-M01,Other:PDC-M11,Other:PDC-M24,Other:PDC-S04,Other:PDC-S05,Other:PDC-S07,PD-T4-6:PD-T4-6,RM:RM_I,RM:RM_II,RM:RM_III,RM:RM_IV,Thoeris:Theoris_other,Viperins:Viperins,type_unresolved:subtype_unresolved",0
PRO_com_338,1,1,1,BAC_com_125,"AbiH:AbiH,AbiQ:AbiQ,CRISPR-Cas:CAS_Class1-IV,DRT:DRT_other,Gabija:Gabija,Hachiman:Hachiman_I,Lamassu:Lamassu,Mokosh:Mokosh_II,Other:DMS_other,Other:PDC-M01,Other:PDC-M11,Other:PDC-M24,Other:PDC-S04,Other:PDC-S05,Other:PDC-S07,PD-T4-6:PD-T4-6,RM:RM_I,RM:RM_II,RM:RM_III,RM:RM_IV,Thoeris:Theoris_other,Viperins:Viperins,type_unresolved:subtype_unresolved",0
PRO_com_34,1,1,1,BAC_com_13,"Abi2DF:Abi2DF,CRISPR-Cas:CAS_Class1-I-C,CRISPR-Cas:CAS_Class1-IV,DRT:DRT_other,Gabija:Gabija,Other:DMS_other,Other:PDC-S04,Other:PDC-S05,Other:PDC-S07,Other:PDC-S13,Other:PDC-S14,Other:PDC-S15,Other:PDC-S30,PD-T4-6:PD-T4-6,PrrC:PrrC,RM:RM_I,RM:RM_II,RM:RM_IIG,RM:RM_III,RM:RM_IV,SoFIC:SoFIC,Thoeris:Theoris_other,tmn:tmn-beta",0
PRO_com_341,1,1,1,BAC_com_45,"Abi2DF:Abi2DF,AbiE:AbiE,CRISPR-Cas:CAS_Class1-IV,DRT:DRT_other,Gabija:Gabija,Other:DMS_other,Other:PDC-S05,Other:PDC-S07,Other:PDC-S30,Other:PDC-S47,Other:PDC-S73,PD-T4-6:PD-T4-6,Paris:Paris,RM:RM_I,RM:RM_II,RM:RM_III,RM:RM_IV,RloC:RloC,Thoeris:Theoris_other",0
PRO_com_342,1,1,1,BAC_com_127,"CRISPR-Cas:CAS_Class1-I-C,CRISPR-Cas:CAS_Class1-IV,CRISPR-Cas:CAS_other,DRT:DRT_other,DS-number:DS-10,Gabija:Gabija,Other:DMS_other,Other:PDC-S02,Other:PDC-S07,PD-Lambda-1:PD-Lambda-1,PD-T7-2:PD-T7-2,Paris:Paris,RM:RM_I,RM:RM_II,RM:RM_IV,Thoeris:Theoris_other",0
PRO_com_344,1,1,1,BAC_com_126,"Abi2DF:Abi2DF,AbiE:AbiE,CRISPR-Cas:CAS_Class1-IV,DRT:DRT_other,Gabija:Gabija,Hachiman:Hachiman_I,Other:DMS_other,Other:PDC-M24,Other:PDC-S04,Other:PDC-S07,PD-T4-6:PD-T4-6,Paris:Paris,RM:RM_II,RM:RM_III,RM:RM_IV,Septu:Septu_I,Thoeris:Theoris_other,Thoeris:Thoeris_I",0
PRO_com_345,1,1,1,BAC_com_128,"Abi2DF:Abi2DF,AbiE:AbiE,AbiH:AbiH,AbiZ:AbiZ,CRISPR-Cas:CAS_Class1-IV,DRT:DRT_other,Gabija:Gabija,Mokosh:Mokosh_II,Nantosuelta:Nantosuelta,Other:DMS_other,Other:PDC-M01,Other:PDC-S04,Other:PDC-S05,Other:PDC-S07,Other:PDC-S30,Other:PDC-S42,Other:PDC-S73,PD-T4-6:PD-T4-6,PD-T7-2:PD-T7-2,RM:RM_I,RM:RM_II,RM:RM_III,RM:RM_IV,RloC:RloC,RosmerTA:RosmerTA,SoFIC:SoFIC,Thoeris:Theoris_other,type_unresolved:subtype_unresolved",0
PRO_com_346,1,1,1,BAC_com_128,"Abi2DF:Abi2DF,AbiE:AbiE,AbiH:AbiH,AbiZ:AbiZ,CRISPR-Cas:CAS_Class1-IV,DRT:DRT_other,Gabija:Gabija,Mokosh:Mokosh_II,Nantosuelta:Nantosuelta,Other:DMS_other,Other:PDC-M01,Other:PDC-S04,Other:PDC-S05,Other:PDC-S07,Other:PDC-S30,Other:PDC-S42,Other:PDC-S73,PD-T4-6:PD-T4-6,PD-T7-2:PD-T7-2,RM:RM_I,RM:RM_II,RM:RM_III,RM:RM_IV,RloC:RloC,RosmerTA:RosmerTA,SoFIC:SoFIC,Thoeris:Theoris_other,type_unresolved:subtype_unresolved",0
PRO_com_347,1,1,1,BAC_com_128,"Abi2DF:Abi2DF,AbiE:AbiE,AbiH:AbiH,AbiZ:AbiZ,CRISPR-Cas:CAS_Class1-IV,DRT:DRT_other,Gabija:Gabija,Mokosh:Mokosh_II,Nantosuelta:Nantosuelta,Other:DMS_other,Other:PDC-M01,Other:PDC-S04,Other:PDC-S05,Other:PDC-S07,Other:PDC-S30,Other:PDC-S42,Other:PDC-S73,PD-T4-6:PD-T4-6,PD-T7-2:PD-T7-2,RM:RM_I,RM:RM_II,RM:RM_III,RM:RM_IV,RloC:RloC,RosmerTA:RosmerTA,SoFIC:SoFIC,Thoeris:Theoris_other,type_unresolved:subtype_unresolved",0
PRO_com_35,1,1,1,BAC_com_13,"Abi2DF:Abi2DF,CRISPR-Cas:CAS_Class1-I-C,CRISPR-Cas:CAS_Class1-IV,DRT:DRT_other,Gabija:Gabija,Other:DMS_other,Other:PDC-S04,Other:PDC-S05,Other:PDC-S07,Other:PDC-S13,Other:PDC-S14,Other:PDC-S15,Other:PDC-S30,PD-T4-6:PD-T4-6,PrrC:PrrC,RM:RM_I,RM:RM_II,RM:RM_IIG,RM:RM_III,RM:RM_IV,SoFIC:SoFIC,Thoeris:Theoris_other,tmn:tmn-beta",0
PRO_com_352,1,1,1,BAC_com_91,"AbiE:AbiE,AbiG:AbiG,AbiH:AbiH,CRISPR-Cas:CAS_Class1-IV,CRISPR-Cas:CAS_Class2_II-A,CRISPR-Cas:subtype_unresolved,DRT:DRT_other,Gabija:Gabija,Gao_ietAS:Gao_ietAS,Ogmios:Ogmios,Other:DMS_other,Other:PDC-S04,Other:PDC-S05,Other:PDC-S07,Other:PDC-S30,PD-T4-6:PD-T4-6,PD-T7-2:PD-T7-2,PrrC:PrrC,RM:RM_I,RM:RM_II,RM:RM_IV,Thoeris:Theoris_other,type_unresolved:subtype_unresolved",0
PRO_com_353,1,1,1,BAC_com_91,"AbiE:AbiE,AbiG:AbiG,AbiH:AbiH,CRISPR-Cas:CAS_Class1-IV,CRISPR-Cas:CAS_Class2_II-A,CRISPR-Cas:subtype_unresolved,DRT:DRT_other,Gabija:Gabija,Gao_ietAS:Gao_ietAS,Ogmios:Ogmios,Other:DMS_other,Other:PDC-S04,Other:PDC-S05,Other:PDC-S07,Other:PDC-S30,PD-T4-6:PD-T4-6,PD-T7-2:PD-T7-2,PrrC:PrrC,RM:RM_I,RM:RM_II,RM:RM_IV,Thoeris:Theoris_other,type_unresolved:subtype_unresolved",0
PRO_com_354,1,1,1,BAC_com_53,"Abi2DF:Abi2DF,AbiE:AbiE,AbiH:AbiH,CRISPR-Cas:CAS_Class1-IV,DRT:DRT_other,Gabija:Gabija,Mokosh:Mokosh_II,Other:DMS_other,Other:PDC-S04,Other:PDC-S07,Other:PDC-S13,Other:PDC-S14,PD-T4-6:PD-T4-6,RM:RM_I,RM:RM_II,RM:RM_IIG,RM:RM_III,RM:RM_IV,SoFIC:SoFIC,Stk2:Stk2,Thoeris:Theoris_other,Thoeris:Thoeris_I,tmn:tmn-beta,type_unresolved:subtype_unresolved",0
PRO_com_356,1,1,1,BAC_com_136,"Abi2DF:Abi2DF,AbiE:AbiE,CBASS:CBASS_I,CRISPR-Cas:CAS_Class1-I-C,CRISPR-Cas:CAS_Class1-IV,CRISPR-Cas:CAS_Class2_II-A,CRISPR-Cas:subtype_unresolved,DRT:DRT_Type3,DRT:DRT_other,Gabija:Gabija,Gao_ietAS:Gao_ietAS,Menshen:Menshen,Other:DMS_other,Other:PDC-M11,Other:PDC-M14,Other:PDC-S04,Other:PDC-S05,Other:PDC-S07,Other:PDC-S15,PD-T4-6:PD-T4-6,RM:RM_II,RM:RM_IIG,RM:RM_III,RM:RM_IV,RosmerTA:RosmerTA,Thoeris:Theoris_other,type_unresolved:subtype_unresolved",0
PRO_com_357,1,1,1,BAC_com_136,"Abi2DF:Abi2DF,AbiE:AbiE,CBASS:CBASS_I,CRISPR-Cas:CAS_Class1-I-C,CRISPR-Cas:CAS_Class1-IV,CRISPR-Cas:CAS_Class2_II-A,CRISPR-Cas:subtype_unresolved,DRT:DRT_Type3,DRT:DRT_other,Gabija:Gabija,Gao_ietAS:Gao_ietAS,Menshen:Menshen,Other:DMS_other,Other:PDC-M11,Other:PDC-M14,Other:PDC-S04,Other:PDC-S05,Other:PDC-S07,Other:PDC-S15,PD-T4-6:PD-T4-6,RM:RM_II,RM:RM_IIG,RM:RM_III,RM:RM_IV,RosmerTA:RosmerTA,Thoeris:Theoris_other,type_unresolved:subtype_unresolved",0
PRO_com_358,1,1,1,BAC_com_136,"Abi2DF:Abi2DF,AbiE:AbiE,CBASS:CBASS_I,CRISPR-Cas:CAS_Class1-I-C,CRISPR-Cas:CAS_Class1-IV,CRISPR-Cas:CAS_Class2_II-A,CRISPR-Cas:subtype_unresolved,DRT:DRT_Type3,DRT:DRT_other,Gabija:Gabija,Gao_ietAS:Gao_ietAS,Menshen:Menshen,Other:DMS_other,Other:PDC-M11,Other:PDC-M14,Other:PDC-S04,Other:PDC-S05,Other:PDC-S07,Other:PDC-S15,PD-T4-6:PD-T4-6,RM:RM_II,RM:RM_IIG,RM:RM_III,RM:RM_IV,RosmerTA:RosmerTA,Thoeris:Theoris_other,type_unresolved:subtype_unresolved",0
PRO_com_359,1,1,1,BAC_com_136,"Abi2DF:Abi2DF,AbiE:AbiE,CBASS:CBASS_I,CRISPR-Cas:CAS_Class1-I-C,CRISPR-Cas:CAS_Class1-IV,CRISPR-Cas:CAS_Class2_II-A,CRISPR-Cas:subtype_unresolved,DRT:DRT_Type3,DRT:DRT_other,Gabija:Gabija,Gao_ietAS:Gao_ietAS,Menshen:Menshen,Other:DMS_other,Other:PDC-M11,Other:PDC-M14,Other:PDC-S04,Other:PDC-S05,Other:PDC-S07,Other:PDC-S15,PD-T4-6:PD-T4-6,RM:RM_II,RM:RM_IIG,RM:RM_III,RM:RM_IV,RosmerTA:RosmerTA,Thoeris:Theoris_other,type_unresolved:subtype_unresolved",0
PRO_com_36,1,1,1,BAC_com_14,"AbiE:AbiE,AbiH:AbiH,CRISPR-Cas:CAS_Class1-I-C,CRISPR-Cas:CAS_Class1-IV,DRT:DRT_other,Dynamins:Dynamins,Dynamins:Eleos,Gabija:Gabija,Kiwa:Kiwa,MazEF:MazEF,Other:DMS_other,Other:HEC-06,Other:PDC-M24,Other:PDC-S04,Other:PDC-S05,Other:PDC-S07,Other:PDC-S15,PD-T4-6:PD-T4-6,PD-T4-9:PD-T4-9,PD-T7-2:PD-T7-2,RM:RM_I,RM:RM_II,RM:RM_IIG,RM:RM_III,RM:RM_IV,Thoeris:Theoris_other,type_unresolved:subtype_unresolved",0
PRO_com_360,1,1,1,BAC_com_136,"Abi2DF:Abi2DF,AbiE:AbiE,CBASS:CBASS_I,CRISPR-Cas:CAS_Class1-I-C,CRISPR-Cas:CAS_Class1-IV,CRISPR-Cas:CAS_Class2_II-A,CRISPR-Cas:subtype_unresolved,DRT:DRT_Type3,DRT:DRT_other,Gabija:Gabija,Gao_ietAS:Gao_ietAS,Menshen:Menshen,Other:DMS_other,Other:PDC-M11,Other:PDC-M14,Other:PDC-S04,Other:PDC-S05,Other:PDC-S07,Other:PDC-S15,PD-T4-6:PD-T4-6,RM:RM_II,RM:RM_IIG,RM:RM_III,RM:RM_IV,RosmerTA:RosmerTA,Thoeris:Theoris_other,type_unresolved:subtype_unresolved",0
PRO_com_362,1,1,1,BAC_com_137,"Abi2DF:Abi2DF,AbiE:AbiE,Belisama:Belisama,CBASS:CBASS_I,CRISPR-Cas:CAS_Class1-IV,DRT:DRT_other,Gabija:Gabija,Hachiman:Hachiman_I,Other:DMS_other,Other:PDC-M24,Other:PDC-M50,Other:PDC-S04,Other:PDC-S07,PD-T4-6:PD-T4-6,RM:RM_I,RM:RM_II,RM:RM_III,RM:RM_IV,Thoeris:Theoris_other,type_unresolved:subtype_unresolved",0
PRO_com_365,1,1,1,BAC_com_138,"Abi2DF:Abi2DF,AbiE:AbiE,AbiH:AbiH,CRISPR-Cas:CAS_Class1-IV,DRT:DRT_other,Gabija:Gabija,Other:DMS_other,Other:PDC-M62,Other:PDC-S04,Other:PDC-S05,Other:PDC-S07,Other:PDC-S15,Other:PDC-S73,PD-T4-6:PD-T4-6,PD-T7-2:PD-T7-2,PrrC:PrrC,RM:RM_I,RM:RM_II,RM:RM_III,RM:RM_IV,Retron:Retron_I_C,RosmerTA:RosmerTA,Septu:Septu_other,SoFIC:SoFIC,Thoeris:Theoris_other",0
PRO_com_367,1,1,1,BAC_com_139,"Abi2DF:Abi2DF,AbiE:AbiE,AbiH:AbiH,Borvo:Borvo,CRISPR-Cas:CAS_Class1-I-C,CRISPR-Cas:CAS_Class1-IV,CRISPR-Cas:CAS_other,Gabija:Gabija,Other:DMS_other,Other:PDC-M09,Other:PDC-M14,Other:PDC-S02,Other:PDC-S05,Other:PDC-S07,RM:RM_I,RM:RM_II,RM:RM_IIG,RM:RM_III,RM:RM_IV,Septu:Septu_I,Septu:Septu_other,Thoeris:Theoris_other",0
PRO_com_37,1,1,1,BAC_com_14,"AbiE:AbiE,AbiH:AbiH,CRISPR-Cas:CAS_Class1-I-C,CRISPR-Cas:CAS_Class1-IV,DRT:DRT_other,Dynamins:Dynamins,Dynamins:Eleos,Gabija:Gabija,Kiwa:Kiwa,MazEF:MazEF,Other:DMS_other,Other:HEC-06,Other:PDC-M24,Other:PDC-S04,Other:PDC-S05,Other:PDC-S07,Other:PDC-S15,PD-T4-6:PD-T4-6,PD-T4-9:PD-T4-9,PD-T7-2:PD-T7-2,RM:RM_I,RM:RM_II,RM:RM_IIG,RM:RM_III,RM:RM_IV,Thoeris:Theoris_other,type_unresolved:subtype_unresolved",0
PRO_com_371,1,1,1,BAC_com_177,"Abi2DF:Abi2DF,AbiE:AbiE,CRISPR-Cas:CAS_Class1-IV,DRT:DRT_other,Gabija:Gabija,Lamassu:Lamassu,Mokosh:Mokosh_II,Ogmios:Ogmios,Other:DMS_other,Other:PDC-M47,Other:PDC-S04,Other:PDC-S07,PD-T4-6:PD-T4-6,RM:RM_I,RM:RM_III,RosmerTA:RosmerTA,Thoeris:Theoris_other,Thoeris:Thoeris_IV",0
PRO_com_378,1,1,1,BAC_com_144,"Abi2DF:Abi2DF,AbiH:AbiH,CRISPR-Cas:CAS_Class1-I-C,CRISPR-Cas:CAS_Class1-IV,DRT:DRT_Class2,DRT:DRT_other,Gabija:Gabija,Gao_Qat:Gao_Qat,Lamassu:Lamassu,MazEF:MazEF,Other:DMS_other,Other:PDC-S05,Other:PDC-S07,PD-T4-6:PD-T4-6,Paris:Paris,RM:RM_I,RM:RM_II,RM:RM_IIG,RM:RM_III,Thoeris:Theoris_other",0
PRO_com_379,1,1,1,BAC_com_145,"Abi2DF:Abi2DF,AbiH:AbiH,Bunzi:Bunzi,CRISPR-Cas:CAS_Class1-IV,DRT:DRT_other,Dodola:Dodola,Gabija:Gabija,Other:DMS_other,Other:PDC-S04,Other:PDC-S07,Other:PDC-S11,Other:PDC-S18,PD-T4-6:PD-T4-6,RM:RM_I,RM:RM_II,RM:RM_IIG,Thoeris:Theoris_other,type_unresolved:subtype_unresolved",0
PRO_com_381,1,1,1,BAC_com_145,"Abi2DF:Abi2DF,AbiH:AbiH,Bunzi:Bunzi,CRISPR-Cas:CAS_Class1-IV,DRT:DRT_other,Dodola:Dodola,Gabija:Gabija,Other:DMS_other,Other:PDC-S04,Other:PDC-S07,Other:PDC-S11,Other:PDC-S18,PD-T4-6:PD-T4-6,RM:RM_I,RM:RM_II,RM:RM_IIG,Thoeris:Theoris_other,type_unresolved:subtype_unresolved",0
PRO_com_382,1,1,1,BAC_com_34,"Abi2DF:Abi2DF,Aditi:Aditi,CRISPR-Cas:CAS_Class1-IV,DRT:DRT_other,DarTG:DarTG,Gabija:Gabija,Kiwa:Kiwa,Ogmios:Ogmios,Other:DMS_other,Other:PDC-S02,Other:PDC-S04,Other:PDC-S07,Other:PDC-S22,Other:PDC-S42,Other:PDC-S73,PD-T4-6:PD-T4-6,RM:RM_I,RM:RM_II,RM:RM_IIG,RM:RM_IV,RloC:RloC,Thoeris:Theoris_other",0
PRO_com_383,1,1,1,BAC_com_34,"Abi2DF:Abi2DF,Aditi:Aditi,CRISPR-Cas:CAS_Class1-IV,DRT:DRT_other,DarTG:DarTG,Gabija:Gabija,Kiwa:Kiwa,Ogmios:Ogmios,Other:DMS_other,Other:PDC-S02,Other:PDC-S04,Other:PDC-S07,Other:PDC-S22,Other:PDC-S42,Other:PDC-S73,PD-T4-6:PD-T4-6,RM:RM_I,RM:RM_II,RM:RM_IIG,RM:RM_IV,RloC:RloC,Thoeris:Theoris_other",0
PRO_com_389,1,1,1,BAC_com_147,"AbiE:AbiE,CRISPR-Cas:CAS_Class1-I-C,CRISPR-Cas:CAS_Class1-IV,DRT:DRT_other,Gabija:Gabija,Mokosh:Mokosh_II,Other:DMS_other,Other:PDC-M49,Other:PDC-S02,Other:PDC-S04,Other:PDC-S07,Other:PDC-S14,Other:PDC-S30,Other:PDC-S73,PD-T4-6:PD-T4-6,Paris:Paris,RM:RM_I,RM:RM_II,RM:RM_IIG,RM:RM_III,SoFIC:SoFIC,Thoeris:Theoris_other,Thoeris:Thoeris_I,Uzume:Uzume,tmn:tmn-beta,type_unresolved:subtype_unresolved",0
PRO_com_390,1,1,1,BAC_com_148,"AbiE:AbiE,AbiH:AbiH,CRISPR-Cas:CAS_Class1-I-C,CRISPR-Cas:CAS_Class1-IV,DRT:DRT_other,Gabija:Gabija,MazEF:MazEF,Other:DMS_other,Other:PDC-M24,Other:PDC-S04,Other:PDC-S05,Other:PDC-S07,Other:PDC-S13,Other:PDC-S14,Other:PDC-S32,PD-T4-6:PD-T4-6,PD-T4-9:PD-T4-9,Paris:Paris,PrrC:PrrC,RM:RM_I,RM:RM_II,RM:RM_IIG,RM:RM_IV,SoFIC:SoFIC,Thoeris:Theoris_other",0
PRO_com_391,1,1,1,BAC_com_148,"AbiE:AbiE,AbiH:AbiH,CRISPR-Cas:CAS_Class1-I-C,CRISPR-Cas:CAS_Class1-IV,DRT:DRT_other,Gabija:Gabija,MazEF:MazEF,Other:DMS_other,Other:PDC-M24,Other:PDC-S04,Other:PDC-S05,Other:PDC-S07,Other:PDC-S13,Other:PDC-S14,Other:PDC-S32,PD-T4-6:PD-T4-6,PD-T4-9:PD-T4-9,Paris:Paris,PrrC:PrrC,RM:RM_I,RM:RM_II,RM:RM_IIG,RM:RM_IV,SoFIC:SoFIC,Thoeris:Theoris_other",0
PRO_com_393,1,1,1,BAC_com_149,"Abi2DF:Abi2DF,AbiE:AbiE,CRISPR-Cas:CAS_Class1-IV,DRT:DRT_other,DRT:subtype_unresolved,Gabija:Gabija,MazEF:MazEF,Other:DMS_other,Other:PDC-M24,Other:PDC-S02,Other:PDC-S04,Other:PDC-S05,Other:PDC-S07,PD-T4-6:PD-T4-6,PrrC:PrrC,RM:RM_I,RM:RM_II,RM:RM_III,Thoeris:Theoris_other",0
PRO_com_394,1,1,1,BAC_com_150,"Abi2DF:Abi2DF,AbiE:AbiE,CRISPR-Cas:CAS_Class1-I-C,CRISPR-Cas:CAS_Class1-IV,DRT:DRT_other,Gabija:Gabija,Gao_Qat:Gao_Qat,Lamassu:Lamassu,Other:DMS_other,Other:PDC-S04,Other:PDC-S07,Other:PDC-S22,PD-T4-6:PD-T4-6,RM:RM_I,RM:RM_II,RM:RM_IIG,RM:RM_III,Thoeris:Theoris_other,type_unresolved:subtype_unresolved",0
PRO_com_395,1,1,1,BAC_com_150,"Abi2DF:Abi2DF,AbiE:AbiE,CRISPR-Cas:CAS_Class1-I-C,CRISPR-Cas:CAS_Class1-IV,DRT:DRT_other,Gabija:Gabija,Gao_Qat:Gao_Qat,Lamassu:Lamassu,Other:DMS_other,Other:PDC-S04,Other:PDC-S07,Other:PDC-S22,PD-T4-6:PD-T4-6,RM:RM_I,RM:RM_II,RM:RM_IIG,RM:RM_III,Thoeris:Theoris_other,type_unresolved:subtype_unresolved",0
PRO_com_396,1,1,1,BAC_com_151,"AbiE:AbiE,CRISPR-Cas:CAS_Class1-IV,DRT:DRT_other,Gabija:Gabija,Lamassu:Lamassu,MazEF:MazEF,Other:DMS_other,Other:HEC-06,Other:PDC-S02,Other:PDC-S04,Other:PDC-S07,PD-T4-6:PD-T4-6,RM:RM_I,RM:RM_II,RM:RM_IIG,RM:RM_III,SoFIC:SoFIC,Thoeris:Theoris_other,tmn:tmn-beta,type_unresolved:subtype_unresolved",0
PRO_com_397,1,1,1,BAC_com_152,"AbiH:AbiH,CRISPR-Cas:CAS_Class1-I-C,CRISPR-Cas:CAS_Class1-IV,DRT:DRT_other,Dynamins:Dynamins,Dynamins:Eleos,Gabija:Gabija,Other:DMS_other,Other:PDC-M24,Other:PDC-S07,Other:PDC-S19,Other:PDC-S50,PD-T4-6:PD-T4-6,PD-T4-9:PD-T4-9,RM:RM_I,RM:RM_II,RM:RM_IIG,RosmerTA:RosmerTA,SoFIC:SoFIC,Thoeris:Theoris_other,Uzume:Uzume",0
PRO_com_398,1,1,1,BAC_com_152,"AbiH:AbiH,CRISPR-Cas:CAS_Class1-I-C,CRISPR-Cas:CAS_Class1-IV,DRT:DRT_other,Dynamins:Dynamins,Dynamins:Eleos,Gabija:Gabija,Other:DMS_other,Other:PDC-M24,Other:PDC-S07,Other:PDC-S19,Other:PDC-S50,PD-T4-6:PD-T4-6,PD-T4-9:PD-T4-9,RM:RM_I,RM:RM_II,RM:RM_IIG,RosmerTA:RosmerTA,SoFIC:SoFIC,Thoeris:Theoris_other,Uzume:Uzume",0
PRO_com_399,1,1,1,BAC_com_153,"Abi2DF:Abi2DF,AbiE:AbiE,AbiZ:AbiZ,CRISPR-Cas:CAS_Class1-IV,DRT:DRT_other,Gabija:Gabija,Other:DMS_other,Other:PDC-S04,Other:PDC-S05,Other:PDC-S07,Other:PDC-S13,Other:PDC-S14,PD-T4-6:PD-T4-6,PrrC:PrrC,RM:RM_I,RM:RM_II,RM:RM_IIG,RM:RM_III,RM:RM_IV,SoFIC:SoFIC,Stk2:Stk2,Thoeris:Theoris_other,tmn:tmn-beta",0
PRO_com_40,1,1,1,BAC_com_15,"Abi2DF:Abi2DF,AbiH:AbiH,CRISPR-Cas:CAS_Class1-IV,DRT:DRT_other,Gabija:Gabija,Other:DMS_other,Other:PDC-M24,Other:PDC-S04,Other:PDC-S05,Other:PDC-S07,Other:PDC-S14,Other:PDC-S60,PD-T4-6:PD-T4-6,PD-T4-9:PD-T4-9,RM:RM_I,RM:RM_II,RM:RM_IIG,RM:RM_III,SoFIC:SoFIC,Thoeris:Theoris_other,type_unresolved:subtype_unresolved",0
PRO_com_400,1,1,1,BAC_com_91,"AbiE:AbiE,AbiG:AbiG,AbiH:AbiH,CRISPR-Cas:CAS_Class1-I-C,CRISPR-Cas:CAS_Class1-IV,DRT:DRT_other,Gabija:Gabija,Ogmios:Ogmios,Other:DMS_other,Other:PDC-S04,Other:PDC-S05,Other:PDC-S07,Other:PDC-S30,PD-T4-6:PD-T4-6,PD-T7-2:PD-T7-2,PrrC:PrrC,RM:RM_I,RM:RM_II,RM:RM_III,RM:RM_IV,Thoeris:Theoris_other,type_unresolved:subtype_unresolved",0
PRO_com_401,1,1,1,BAC_com_153,"Abi2DF:Abi2DF,AbiE:AbiE,AbiZ:AbiZ,CRISPR-Cas:CAS_Class1-IV,DRT:DRT_other,Gabija:Gabija,Other:DMS_other,Other:PDC-S04,Other:PDC-S05,Other:PDC-S07,Other:PDC-S13,Other:PDC-S14,PD-T4-6:PD-T4-6,PrrC:PrrC,RM:RM_I,RM:RM_II,RM:RM_IIG,RM:RM_III,RM:RM_IV,SoFIC:SoFIC,Stk2:Stk2,Thoeris:Theoris_other,tmn:tmn-beta",0
PRO_com_402,1,1,1,BAC_com_153,"Abi2DF:Abi2DF,AbiE:AbiE,AbiZ:AbiZ,CRISPR-Cas:CAS_Class1-IV,DRT:DRT_other,Gabija:Gabija,Other:DMS_other,Other:PDC-S04,Other:PDC-S05,Other:PDC-S07,Other:PDC-S13,Other:PDC-S14,PD-T4-6:PD-T4-6,PrrC:PrrC,RM:RM_I,RM:RM_II,RM:RM_IIG,RM:RM_III,RM:RM_IV,SoFIC:SoFIC,Stk2:Stk2,Thoeris:Theoris_other,tmn:tmn-beta",0
PRO_com_403,1,1,1,BAC_com_34,"CRISPR-Cas:CAS_Class1-IV,DRT:DRT_other,Gabija:Gabija,Gao_Mza:Gao_Mza,Ogmios:Ogmios,Other:DMS_other,Other:PDC-S02,Other:PDC-S07,Other:PDC-S22,Other:PDC-S42,Other:PDC-S73,PD-T4-6:PD-T4-6,RM:RM_I,RM:RM_II,RM:RM_IV,RloC:RloC,Thoeris:Theoris_other",0
PRO_com_404,1,1,1,BAC_com_143,"Abi2DF:Abi2DF,AbiE:AbiE,AbiG:AbiG,AbiH:AbiH,AbiN:AbiN,Aditi:Aditi,CRISPR-Cas:CAS_Class1-IV,DRT:DRT_other,Gabija:Gabija,MazEF:MazEF,Other:DMS_other,Other:PDC-M11,Other:PDC-S04,Other:PDC-S05,Other:PDC-S07,Other:PDC-S13,PD-T4-6:PD-T4-6,Paris:Paris,RM:RM_I,RM:RM_II,RM:RM_IIG,RM:RM_III,RM:RM_IV,RnlAB:RnlAB,SoFIC:SoFIC,Thoeris:Theoris_other,type_unresolved:subtype_unresolved",0
PRO_com_405,1,1,1,BAC_com_154,"CRISPR-Cas:CAS_Class1-IV,CRISPR-Cas:CAS_Class2_II-A,CRISPR-Cas:subtype_unresolved,DRT:DRT_other,Gabija:Gabija,Hachiman:Hachiman_I,Other:DMS_other,Other:PDC-S05,Other:PDC-S07,Other:PDC-S30,Other:PDC-S32,PD-T4-6:PD-T4-6,PD-T7-2:PD-T7-2,RM:RM_I,RM:RM_III,RM:RM_IV,Thoeris:Theoris_other",0
PRO_com_407,1,1,1,BAC_com_154,"CRISPR-Cas:CAS_Class1-IV,CRISPR-Cas:CAS_Class2_II-A,CRISPR-Cas:subtype_unresolved,DRT:DRT_other,Gabija:Gabija,Other:DMS_other,Other:PDC-S04,Other:PDC-S05,Other:PDC-S07,PD-T4-6:PD-T4-6,RM:RM_I,RM:RM_IV,Thoeris:Theoris_other",0
PRO_com_408,1,1,1,BAC_com_2,"CRISPR-Cas:CAS_Class1-IV,DRT:DRT_other,Gabija:Gabija,Ogmios:Ogmios,Other:DMS_other,Other:PDC-M22,Other:PDC-S07,Other:PDC-S30,PD-T4-6:PD-T4-6,RM:RM_I,RM:RM_III,RM:RM_IV,RosmerTA:RosmerTA,Thoeris:Theoris_other,tmn:tmn-alpha",0
PRO_com_409,1,1,1,BAC_com_2,"CRISPR-Cas:CAS_Class1-IV,DRT:DRT_other,Gabija:Gabija,Ogmios:Ogmios,Other:DMS_other,Other:PDC-M22,Other:PDC-S07,Other:PDC-S30,PD-T4-6:PD-T4-6,RM:RM_I,RM:RM_III,RM:RM_IV,RosmerTA:RosmerTA,Thoeris:Theoris_other,tmn:tmn-alpha",0
PRO_com_41,1,1,1,BAC_com_15,"Abi2DF:Abi2DF,AbiH:AbiH,CRISPR-Cas:CAS_Class1-IV,DRT:DRT_other,Gabija:Gabija,Other:DMS_other,Other:PDC-M24,Other:PDC-S04,Other:PDC-S05,Other:PDC-S07,Other:PDC-S14,Other:PDC-S60,PD-T4-6:PD-T4-6,PD-T4-9:PD-T4-9,RM:RM_I,RM:RM_II,RM:RM_IIG,RM:RM_III,SoFIC:SoFIC,Thoeris:Theoris_other,type_unresolved:subtype_unresolved",0
PRO_com_410,1,1,1,BAC_com_20,"AbiE:AbiE,AbiZ:AbiZ,CRISPR-Cas:CAS_Class1-IV,DRT:DRT_other,Gabija:Gabija,Mokosh:Mokosh_II,Other:DMS_other,Other:PDC-S04,Other:PDC-S05,Other:PDC-S07,Other:PDC-S30,PD-T4-6:PD-T4-6,RM:RM_I,RM:RM_II,RM:RM_IIG,RM:RM_IV,SoFIC:SoFIC,Thoeris:Theoris_other,tmn:tmn-beta,type_unresolved:subtype_unresolved",0
PRO_com_413,1,1,1,BAC_com_3,"Abi2DF:Abi2DF,AbiE:AbiE,CBASS:CBASS_II,CRISPR-Cas:CAS_Class1-I-C,CRISPR-Cas:CAS_Class1-IV,DRT:DRT_other,Gabija:Gabija,Ogmios:Ogmios,Other:DMS_other,Other:PDC-M46,Other:PDC-S04,Other:PDC-S05,Other:PDC-S07,Other:PDC-S11,PD-T4-6:PD-T4-6,Paris:Paris,RM:RM_I,RM:RM_II,RM:RM_III,RM:RM_IV,RosmerTA:RosmerTA,SoFIC:SoFIC,Thoeris:Theoris_other",0
PRO_com_414,1,1,1,BAC_com_3,"Abi2DF:Abi2DF,AbiE:AbiE,CBASS:CBASS_II,CRISPR-Cas:CAS_Class1-I-C,CRISPR-Cas:CAS_Class1-IV,DRT:DRT_other,Gabija:Gabija,Ogmios:Ogmios,Other:DMS_other,Other:PDC-M46,Other:PDC-S04,Other:PDC-S05,Other:PDC-S07,Other:PDC-S11,PD-T4-6:PD-T4-6,Paris:Paris,RM:RM_I,RM:RM_II,RM:RM_III,RM:RM_IV,RosmerTA:RosmerTA,SoFIC:SoFIC,Thoeris:Theoris_other",0
PRO_com_419,1,1,1,BAC_com_3,"Abi2DF:Abi2DF,AbiE:AbiE,AbiL:AbiL,Aditi:Aditi,CRISPR-Cas:CAS_Class1-I-C,CRISPR-Cas:CAS_Class1-IV,DRT:DRT_other,Gabija:Gabija,Other:DMS_other,Other:PDC-M22,Other:PDC-S04,Other:PDC-S07,Other:PDC-S11,Other:PDC-S22,PD-T4-6:PD-T4-6,RM:RM_I,RM:RM_II,RM:RM_IV,RosmerTA:RosmerTA,Thoeris:Theoris_other,type_unresolved:subtype_unresolved",0
PRO_com_420,1,1,1,BAC_com_5,"Abi2DF:Abi2DF,AbiE:AbiE,CRISPR-Cas:CAS_Class1-IV,DRT:DRT_other,Gabija:Gabija,Hachiman:Hachiman_I,Other:DMS_other,Other:PDC-M46,Other:PDC-S04,Other:PDC-S07,Other:PDC-S30,PD-Lambda-1:PD-Lambda-1,PD-T4-6:PD-T4-6,Paris:Paris,RM:RM_I,RM:RM_II,RM:RM_III,RM:RM_IV,SoFIC:SoFIC,Thoeris:Theoris_other",0
PRO_com_422,1,1,1,BAC_com_2,"AbiE:AbiE,CRISPR-Cas:CAS_Class1-I-C,CRISPR-Cas:CAS_Class1-IV,DRT:DRT_other,Gabija:Gabija,Other:DMS_other,Other:PDC-S04,Other:PDC-S05,Other:PDC-S07,PD-T4-6:PD-T4-6,RM:RM_I,RM:RM_II,RM:RM_IIG,RM:RM_III,RM:RM_IV,RosmerTA:RosmerTA,Thoeris:Theoris_other",0
PRO_com_423,1,1,1,BAC_com_5,"Abi2DF:Abi2DF,AbiE:AbiE,CRISPR-Cas:CAS_Class1-IV,DRT:DRT_other,Gabija:Gabija,Hachiman:Hachiman_I,Other:DMS_other,Other:PDC-S02,Other:PDC-S04,Other:PDC-S07,Other:PDC-S30,PD-T4-6:PD-T4-6,Paris:Paris,RM:RM_I,RM:RM_II,RM:RM_III,RM:RM_IV,SoFIC:SoFIC,Thoeris:Theoris_other,type_unresolved:subtype_unresolved",0
PRO_com_424,1,1,1,BAC_com_156,"AVAST:AVAST_II,AbiE:AbiE,AbiH:AbiH,CRISPR-Cas:CAS_Class1-I-C,CRISPR-Cas:CAS_Class1-IV,DRT:DRT_other,Gabija:Gabija,MazEF:MazEF,Mokosh:Mokosh_II,Other:DMS_other,Other:PDC-S04,Other:PDC-S05,Other:PDC-S07,Other:PDC-S14,Other:PDC-S30,Other:PDC-S35,PD-T4-6:PD-T4-6,PrrC:PrrC,RM:RM_I,RM:RM_II,SoFIC:SoFIC,Thoeris:Theoris_other,type_unresolved:subtype_unresolved",0
PRO_com_43,1,1,1,BAC_com_16,"Abi2DF:Abi2DF,AbiE:AbiE,CRISPR-Cas:CAS_Class1-I-C,CRISPR-Cas:CAS_Class1-IV,DRT:DRT_other,Gabija:Gabija,Other:DMS_other,Other:PDC-M62,Other:PDC-S07,Other:PDC-S73,PD-T4-6:PD-T4-6,RM:RM_I,RM:RM_II,RM:RM_III,RM:RM_IV,Septu:Septu_other,Thoeris:Theoris_other,type_unresolved:subtype_unresolved",0
PRO_com_439,1,1,1,BAC_com_161,"AbiE:AbiE,AbiN:AbiN,CRISPR-Cas:CAS_Class1-IV,CRISPR-Cas:CAS_Class2_II-A,CRISPR-Cas:CAS_other,CRISPR-Cas:subtype_unresolved,DRT:DRT_other,Gabija:Gabija,Lamassu:Lamassu,Ogmios:Ogmios,Other:DMS_other,Other:PDC-S07,Other:PDC-S13,PD-T4-6:PD-T4-6,RM:RM_I,RM:RM_II,RosmerTA:RosmerTA,ShosTA:ShosTA,Thoeris:Theoris_other",0
PRO_com_44,1,1,1,BAC_com_17,"Abi2DF:Abi2DF,CRISPR-Cas:CAS_Class1-I-C,CRISPR-Cas:CAS_Class1-IV,DRT:DRT_other,Gabija:Gabija,Hachiman:Hachiman_I,Other:DMS_other,Other:PDC-S04,Other:PDC-S05,Other:PDC-S07,Other:PDC-S35,Other:PDC-S42,PD-T4-6:PD-T4-6,RM:RM_I,RM:RM_II,RM:RM_III,RloC:RloC,ShosTA:ShosTA,SoFIC:SoFIC,Thoeris:Theoris_other,Thoeris:Thoeris_I",0
PRO_com_443,1,1,1,BAC_com_73,"AbiE:AbiE,CRISPR-Cas:CAS_Class1-IV,DRT:DRT_other,DarTG:DarTG,Gabija:Gabija,Kiwa:Kiwa,Lamassu:Lamassu,Ogmios:Ogmios,Other:DMS_other,Other:PDC-M37,Other:PDC-S04,Other:PDC-S05,Other:PDC-S07,Other:PDC-S22,Other:PDC-S73,PD-T4-6:PD-T4-6,RM:RM_I,RM:RM_II,RM:RM_IV,Retron:Retron_I_C,RosmerTA:RosmerTA,Septu:Septu_other,Thoeris:Theoris_other,type_unresolved:subtype_unresolved",0
PRO_com_444,1,1,1,BAC_com_73,"AbiE:AbiE,CRISPR-Cas:CAS_Class1-IV,DRT:DRT_other,DarTG:DarTG,Gabija:Gabija,Kiwa:Kiwa,Lamassu:Lamassu,Ogmios:Ogmios,Other:DMS_other,Other:PDC-M37,Other:PDC-S04,Other:PDC-S05,Other:PDC-S07,Other:PDC-S22,Other:PDC-S73,PD-T4-6:PD-T4-6,RM:RM_I,RM:RM_II,RM:RM_IV,Retron:Retron_I_C,RosmerTA:RosmerTA,Septu:Septu_other,Thoeris:Theoris_other,type_unresolved:subtype_unresolved",0
PRO_com_445,1,1,1,BAC_com_81,"Abi2DF:Abi2DF,CRISPR-Cas:CAS_Class1-IV,CRISPR-Cas:CAS_Class2_II-A,CRISPR-Cas:subtype_unresolved,DRT:DRT_other,Gabija:Gabija,Other:DMS_other,Other:PDC-S05,Other:PDC-S07,PD-T4-6:PD-T4-6,PD-T7-2:PD-T7-2,RM:RM_I,RM:RM_II,RM:RM_IIG,RM:RM_IV,Retron:Retron_III,RloC:RloC,RosmerTA:RosmerTA,Thoeris:Theoris_other,type_unresolved:subtype_unresolved",0
PRO_com_447,1,1,1,BAC_com_81,"Abi2DF:Abi2DF,CRISPR-Cas:CAS_Class1-IV,CRISPR-Cas:CAS_Class2_II-A,CRISPR-Cas:subtype_unresolved,DRT:DRT_other,Gabija:Gabija,Other:DMS_other,Other:PDC-S05,Other:PDC-S07,PD-T4-6:PD-T4-6,PD-T7-2:PD-T7-2,RM:RM_I,RM:RM_II,RM:RM_IIG,RM:RM_IV,Retron:Retron_III,RloC:RloC,RosmerTA:RosmerTA,Thoeris:Theoris_other,type_unresolved:subtype_unresolved",0
PRO_com_448,1,1,1,BAC_com_2,"Abi2DF:Abi2DF,AbiE:AbiE,CRISPR-Cas:CAS_Class1-IV,DRT:DRT_other,Gabija:Gabija,Ogmios:Ogmios,Other:DMS_other,Other:PDC-M22,Other:PDC-S07,Other:PDC-S30,Other:PDC-S50,PD-T4-6:PD-T4-6,RM:RM_I,RM:RM_III,RM:RM_IV,RosmerTA:RosmerTA,Thoeris:Theoris_other,tmn:tmn-alpha",0
PRO_com_449,1,1,1,BAC_com_19,"Abi2DF:Abi2DF,AbiE:AbiE,Aditi:Aditi,CBASS:CBASS_I,CRISPR-Cas:CAS_Class1-IV,DRT:DRT_Class1_AbiAKP2,DRT:DRT_other,Gabija:Gabija,Kiwa:Kiwa,Ogmios:Ogmios,Other:DMS_other,Other:PDC-M47,Other:PDC-S04,Other:PDC-S05,Other:PDC-S07,Other:PDC-S47,Other:PDC-S73,PD-T4-6:PD-T4-6,PrrC:PrrC,RM:RM_I,RM:RM_II,RM:RM_IIG,RM:RM_IV,RosmerTA:RosmerTA,Thoeris:Theoris_other",0
PRO_com_45,1,1,1,BAC_com_18,"AbiE:AbiE,AbiH:AbiH,CRISPR-Cas:CAS_Class1-IV,DRT:DRT_other,Dodola:Dodola,Gabija:Gabija,MazEF:MazEF,Other:DMS_other,Other:PDC-M24,Other:PDC-S02,Other:PDC-S04,Other:PDC-S05,Other:PDC-S07,PD-T4-6:PD-T4-6,PrrC:PrrC,RM:RM_I,RM:RM_II,RM:RM_III,Thoeris:Theoris_other",0
PRO_com_450,1,1,1,BAC_com_19,"Abi2DF:Abi2DF,AbiE:AbiE,Aditi:Aditi,CBASS:CBASS_I,CRISPR-Cas:CAS_Class1-IV,DRT:DRT_Class1_AbiAKP2,DRT:DRT_other,Gabija:Gabija,Kiwa:Kiwa,Ogmios:Ogmios,Other:DMS_other,Other:PDC-M47,Other:PDC-S04,Other:PDC-S05,Other:PDC-S07,Other:PDC-S47,Other:PDC-S73,PD-T4-6:PD-T4-6,PrrC:PrrC,RM:RM_I,RM:RM_II,RM:RM_IIG,RM:RM_IV,RosmerTA:RosmerTA,Thoeris:Theoris_other",0
PRO_com_451,1,1,1,BAC_com_2,"Abi2DF:Abi2DF,AbiE:AbiE,CRISPR-Cas:CAS_Class1-IV,DRT:DRT_other,Gabija:Gabija,Ogmios:Ogmios,Other:DMS_other,Other:PDC-M22,Other:PDC-S07,Other:PDC-S30,PD-T4-6:PD-T4-6,RM:RM_I,RM:RM_III,RM:RM_IV,RosmerTA:RosmerTA,Thoeris:Theoris_other,tmn:tmn-alpha",0
PRO_com_452,1,1,1,BAC_com_2,"AbiE:AbiE,CRISPR-Cas:CAS_Class1-IV,DRT:DRT_other,Gabija:Gabija,Ogmios:Ogmios,Other:DMS_other,Other:PDC-S07,Other:PDC-S30,Other:PDC-S50,PD-T4-6:PD-T4-6,RM:RM_I,RM:RM_III,RM:RM_IV,RosmerTA:RosmerTA,Thoeris:Theoris_other,tmn:tmn-alpha",0
PRO_com_453,1,1,1,BAC_com_2,"Abi2DF:Abi2DF,AbiE:AbiE,CRISPR-Cas:CAS_Class1-IV,DRT:DRT_other,Gabija:Gabija,Ogmios:Ogmios,Other:DMS_other,Other:PDC-S07,Other:PDC-S30,Other:PDC-S50,PD-T4-6:PD-T4-6,RM:RM_I,RM:RM_III,RM:RM_IV,RosmerTA:RosmerTA,Stk2:Stk2,Thoeris:Theoris_other,tmn:tmn-alpha",0
PRO_com_456,1,1,1,BAC_com_2,"AbiE:AbiE,CRISPR-Cas:CAS_Class1-IV,DRT:DRT_other,Gabija:Gabija,Ogmios:Ogmios,Other:DMS_other,Other:PDC-S07,Other:PDC-S30,Other:PDC-S50,PD-T4-6:PD-T4-6,RM:RM_I,RM:RM_III,RM:RM_IV,RosmerTA:RosmerTA,Thoeris:Theoris_other,tmn:tmn-alpha",0
PRO_com_457,1,1,1,BAC_com_2,"AbiE:AbiE,CRISPR-Cas:CAS_Class1-IV,DRT:DRT_other,Gabija:Gabija,Ogmios:Ogmios,Other:DMS_other,Other:PDC-M22,Other:PDC-S07,Other:PDC-S30,Other:PDC-S50,PD-T4-6:PD-T4-6,RM:RM_I,RM:RM_II,RM:RM_III,RM:RM_IV,RosmerTA:RosmerTA,Thoeris:Theoris_other,tmn:tmn-alpha",0
PRO_com_461,1,1,1,BAC_com_72,"CRISPR-Cas:CAS_Class1-IV,DRT:DRT_other,Gabija:Gabija,Kiwa:Kiwa,Other:DMS_other,Other:PDC-S04,Other:PDC-S07,Other:PDC-S16,PD-T4-6:PD-T4-6,RM:RM_I,RM:RM_II,RM:RM_IV,Septu:Septu_other,Thoeris:Theoris_other,type_unresolved:subtype_unresolved",0
PRO_com_462,1,1,1,BAC_com_72,"CRISPR-Cas:CAS_Class1-IV,DRT:DRT_other,Gabija:Gabija,Kiwa:Kiwa,Other:DMS_other,Other:PDC-S04,Other:PDC-S07,Other:PDC-S16,PD-T4-6:PD-T4-6,RM:RM_I,RM:RM_II,RM:RM_IV,Septu:Septu_other,Thoeris:Theoris_other,type_unresolved:subtype_unresolved",0
PRO_com_464,1,1,1,BAC_com_163,"Abi2DF:Abi2DF,AbiR:AbiR,CRISPR-Cas:CAS_Class1-IV,CRISPR-Cas:CAS_Class2_II-A,CRISPR-Cas:subtype_unresolved,DRT:DRT_other,Gabija:Gabija,Ogmios:Ogmios,Other:DMS_other,Other:PDC-M24,Other:PDC-S04,Other:PDC-S05,Other:PDC-S07,Other:PDC-S15,Other:PDC-S47,PD-T4-6:PD-T4-6,RM:RM_I,RM:RM_II,RM:RM_IV,Thoeris:Theoris_other",0
PRO_com_47,1,1,1,BAC_com_19,"Abi2DF:Abi2DF,AbiE:AbiE,Aditi:Aditi,CRISPR-Cas:CAS_Class1-IV,DRT:DRT_other,Gabija:Gabija,Kiwa:Kiwa,Menshen:Menshen,Ogmios:Ogmios,Other:DMS_other,Other:PDC-M47,Other:PDC-S04,Other:PDC-S05,Other:PDC-S07,Other:PDC-S47,Other:PDC-S73,PD-T4-6:PD-T4-6,PrrC:PrrC,RM:RM_I,RM:RM_II,RM:RM_IIG,RM:RM_IV,Stk2:Stk2,Thoeris:Theoris_other,VP-number:VP1853,type_unresolved:subtype_unresolved",0
PRO_com_472,1,1,1,BAC_com_5,"Abi2DF:Abi2DF,AbiE:AbiE,CBASS:CBASS_I,CBASS:CBASS_II,CRISPR-Cas:CAS_Class1-I-C,CRISPR-Cas:CAS_Class1-IV,DRT:DRT_other,Gabija:Gabija,Hachiman:Hachiman_I,Other:DMS_other,Other:PDC-M46,Other:PDC-S04,Other:PDC-S07,Other:PDC-S30,PD-Lambda-1:PD-Lambda-1,PD-T4-6:PD-T4-6,Paris:Paris,RM:RM_I,RM:RM_II,RM:RM_III,RM:RM_IV,SoFIC:SoFIC,Thoeris:Theoris_other,type_unresolved:subtype_unresolved",0
PRO_com_473,1,1,1,BAC_com_16,"Abi2DF:Abi2DF,AbiE:AbiE,CBASS:CBASS_I,CRISPR-Cas:CAS_Class1-I-C,CRISPR-Cas:CAS_Class1-IV,DRT:DRT_other,Gabija:Gabija,Other:DMS_other,Other:PDC-M62,Other:PDC-S07,Other:PDC-S73,PD-T4-6:PD-T4-6,RM:RM_I,RM:RM_II,RM:RM_III,RM:RM_IV,Septu:Septu_other,Thoeris:Theoris_other,type_unresolved:subtype_unresolved",0
PRO_com_474,1,1,1,BAC_com_16,"Abi2DF:Abi2DF,AbiE:AbiE,CBASS:CBASS_I,CRISPR-Cas:CAS_Class1-I-C,CRISPR-Cas:CAS_Class1-IV,DRT:DRT_other,Gabija:Gabija,Other:DMS_other,Other:PDC-M62,Other:PDC-S07,Other:PDC-S73,PD-T4-6:PD-T4-6,RM:RM_I,RM:RM_II,RM:RM_III,RM:RM_IV,Septu:Septu_other,Thoeris:Theoris_other,type_unresolved:subtype_unresolved",0
PRO_com_475,1,1,1,BAC_com_2,"Abi2DF:Abi2DF,AbiE:AbiE,CRISPR-Cas:CAS_Class1-IV,DRT:DRT_other,Gabija:Gabija,Ogmios:Ogmios,Other:DMS_other,Other:PDC-S07,Other:PDC-S30,PD-T4-6:PD-T4-6,PD-T7-2:PD-T7-2,RM:RM_I,RM:RM_II,RM:RM_III,RM:RM_IV,RosmerTA:RosmerTA,Thoeris:Theoris_other,tmn:tmn-alpha",0
PRO_com_476,1,1,1,BAC_com_2,"Abi2DF:Abi2DF,AbiE:AbiE,CRISPR-Cas:CAS_Class1-IV,DRT:DRT_other,Gabija:Gabija,Ogmios:Ogmios,Other:DMS_other,Other:PDC-S07,Other:PDC-S30,PD-T4-6:PD-T4-6,PD-T7-2:PD-T7-2,RM:RM_I,RM:RM_II,RM:RM_III,RM:RM_IV,RosmerTA:RosmerTA,Thoeris:Theoris_other,tmn:tmn-alpha",0
PRO_com_478,1,1,1,BAC_com_164,"AbiE:AbiE,AbiH:AbiH,Aditi:Aditi,CBASS:CBASS_I,CRISPR-Cas:CAS_Class1-I-C,CRISPR-Cas:CAS_Class1-IV,DRT:DRT_Class1_AbiAKP2,DRT:DRT_other,Gabija:Gabija,Kiwa:Kiwa,Ogmios:Ogmios,Other:DMS_other,Other:PDC-S04,Other:PDC-S05,Other:PDC-S07,Other:PDC-S22,Other:PDC-S73,PD-T4-6:PD-T4-6,PrrC:PrrC,RM:RM_I,RM:RM_II,RM:RM_IIG,RM:RM_IV,Thoeris:Theoris_other",0
PRO_com_480,1,1,1,BAC_com_3,"Abi2DF:Abi2DF,AbiE:AbiE,CBASS:CBASS_II,CRISPR-Cas:CAS_Class1-I-C,CRISPR-Cas:CAS_Class1-IV,DRT:DRT_other,Gabija:Gabija,MazEF:MazEF,Ogmios:Ogmios,Other:DMS_other,Other:PDC-M46,Other:PDC-S04,Other:PDC-S05,Other:PDC-S07,Other:PDC-S11,PD-T4-6:PD-T4-6,Paris:Paris,RM:RM_I,RM:RM_II,RM:RM_III,RM:RM_IV,RosmerTA:RosmerTA,SoFIC:SoFIC,Thoeris:Theoris_other",0
PRO_com_481,1,1,1,BAC_com_76,"AbiE:AbiE,CRISPR-Cas:CAS_Class1-IV,DRT:DRT_other,Gabija:Gabija,Gao_ietAS:Gao_ietAS,Mokosh:Mokosh_II,Ogmios:Ogmios,Other:DMS_other,Other:PDC-M14,Other:PDC-M62,Other:PDC-S04,Other:PDC-S05,Other:PDC-S07,Other:PDC-S30,Other:PDC-S42,PD-T4-6:PD-T4-6,Paris:Paris,RM:RM_I,RM:RM_II,RM:RM_III,RM:RM_IV,RloC:RloC,RosmerTA:RosmerTA,Septu:Septu_other,SoFIC:SoFIC,Thoeris:Theoris_other",0
PRO_com_482,1,1,1,BAC_com_76,"AbiE:AbiE,CRISPR-Cas:CAS_Class1-IV,DRT:DRT_other,Gabija:Gabija,Gao_ietAS:Gao_ietAS,Mokosh:Mokosh_II,Ogmios:Ogmios,Other:DMS_other,Other:PDC-M14,Other:PDC-M62,Other:PDC-S04,Other:PDC-S05,Other:PDC-S07,Other:PDC-S30,Other:PDC-S42,PD-T4-6:PD-T4-6,Paris:Paris,RM:RM_I,RM:RM_II,RM:RM_III,RM:RM_IV,RloC:RloC,RosmerTA:RosmerTA,Septu:Septu_other,SoFIC:SoFIC,Thoeris:Theoris_other",0
PRO_com_483,1,1,1,BAC_com_76,"AbiE:AbiE,CRISPR-Cas:CAS_Class1-IV,DRT:DRT_other,Gabija:Gabija,Gao_ietAS:Gao_ietAS,Mokosh:Mokosh_II,Ogmios:Ogmios,Other:DMS_other,Other:PDC-M14,Other:PDC-M62,Other:PDC-S04,Other:PDC-S05,Other:PDC-S07,Other:PDC-S30,Other:PDC-S42,PD-T4-6:PD-T4-6,Paris:Paris,RM:RM_I,RM:RM_II,RM:RM_III,RM:RM_IV,RloC:RloC,RosmerTA:RosmerTA,Septu:Septu_other,SoFIC:SoFIC,Thoeris:Theoris_other",0
PRO_com_484,1,1,1,BAC_com_81,"CRISPR-Cas:CAS_Class1-IV,CRISPR-Cas:CAS_Class2_II-A,CRISPR-Cas:subtype_unresolved,DRT:DRT_other,Gabija:Gabija,Other:DMS_other,Other:PDC-S05,Other:PDC-S07,PD-T4-6:PD-T4-6,PD-T7-2:PD-T7-2,RM:RM_I,RM:RM_II,RM:RM_IIG,RM:RM_III,RM:RM_IV,RloC:RloC,RosmerTA:RosmerTA,Thoeris:Theoris_other,type_unresolved:subtype_unresolved",0
PRO_com_485,1,1,1,BAC_com_165,"AbiE:AbiE,CRISPR-Cas:CAS_Class1-IV,DRT:DRT_other,Gabija:Gabija,Other:DMS_other,Other:PDC-S02,Other:PDC-S04,Other:PDC-S07,Other:PDC-S13,Other:PDC-S14,Other:PDC-S15,Other:PDC-S30,PD-T4-6:PD-T4-6,PD-T4-9:PD-T4-9,Paris:Paris,RM:RM_I,RM:RM_II,RM:RM_IIG,RM:RM_III,RM:RM_IV,SoFIC:SoFIC,Thoeris:Theoris_other,Thoeris:Thoeris_I",0
PRO_com_486,1,1,1,BAC_com_129,"AVAST:AVAST_II,CRISPR-Cas:CAS_Class1-IV,DRT:DRT_other,Gabija:Gabija,Other:DMS_other,Other:PDC-M01,Other:PDC-S02,Other:PDC-S04,Other:PDC-S05,Other:PDC-S07,Other:PDC-S56,PD-T4-6:PD-T4-6,RM:RM_I,RM:RM_II,RM:RM_IV,Septu:Septu_I,Thoeris:Theoris_other",0
PRO_com_49,1,1,1,BAC_com_20,"Abi2DF:Abi2DF,AbiZ:AbiZ,CRISPR-Cas:CAS_Class1-IV,DRT:DRT_other,Gabija:Gabija,Hachiman:Hachiman_I,Other:DMS_other,Other:PDC-S04,Other:PDC-S05,Other:PDC-S07,Other:PDC-S13,Other:PDC-S30,PD-Lambda-1:PD-Lambda-1,PD-T4-6:PD-T4-6,RM:RM_I,RM:RM_II,RM:RM_IV,RosmerTA:RosmerTA,SoFIC:SoFIC,Thoeris:Theoris_other,type_unresolved:subtype_unresolved",0
PRO_com_490,1,1,1,BAC_com_129,"AVAST:AVAST_II,Abi2DF:Abi2DF,AbiE:AbiE,CRISPR-Cas:CAS_Class1-IV,DRT:DRT_other,Gabija:Gabija,Other:DMS_other,Other:PDC-M01,Other:PDC-S04,Other:PDC-S05,Other:PDC-S07,Other:PDC-S56,PD-T4-6:PD-T4-6,RM:RM_I,RM:RM_II,RM:RM_IV,Septu:Septu_I,Thoeris:Theoris_other",0
PRO_com_491,1,1,1,BAC_com_129,"AVAST:AVAST_II,Abi2DF:Abi2DF,AbiE:AbiE,CRISPR-Cas:CAS_Class1-IV,DRT:DRT_other,Gabija:Gabija,Other:DMS_other,Other:PDC-M01,Other:PDC-S04,Other:PDC-S05,Other:PDC-S07,Other:PDC-S56,PD-T4-6:PD-T4-6,RM:RM_I,RM:RM_II,RM:RM_IV,Septu:Septu_I,Thoeris:Theoris_other",0
PRO_com_495,1,1,1,BAC_com_170,"Abi2DF:Abi2DF,AbiE:AbiE,AbiH:AbiH,CRISPR-Cas:CAS_Class1-IV,DRT:DRT_other,Gabija:Gabija,Menshen:Menshen,Other:DMS_other,Other:PDC-M24,Other:PDC-S05,Other:PDC-S07,Other:PDC-S15,Other:PDC-S16,PD-T4-6:PD-T4-6,Paris:Paris,RM:RM_I,RM:RM_II,RM:RM_IIG,RM:RM_III,RM:RM_IV,Retron:Retron_I_C,RosmerTA:RosmerTA,Stk2:Stk2,Thoeris:Theoris_other",0
PRO_com_496,1,1,1,BAC_com_170,"Abi2DF:Abi2DF,AbiE:AbiE,AbiH:AbiH,CRISPR-Cas:CAS_Class1-IV,DRT:DRT_other,Gabija:Gabija,Menshen:Menshen,Other:DMS_other,Other:PDC-M24,Other:PDC-S05,Other:PDC-S07,Other:PDC-S15,Other:PDC-S16,PD-T4-6:PD-T4-6,Paris:Paris,RM:RM_I,RM:RM_II,RM:RM_IIG,RM:RM_III,RM:RM_IV,Retron:Retron_I_C,RosmerTA:RosmerTA,Stk2:Stk2,Thoeris:Theoris_other",0
PRO_com_498,1,1,1,BAC_com_169,"Abi2DF:Abi2DF,CRISPR-Cas:CAS_Class1-IV,CRISPR-Cas:CAS_Class2_II-A,CRISPR-Cas:subtype_unresolved,DRT:DRT_other,Gabija:Gabija,Hachiman:Hachiman_I,Other:DMS_other,Other:PDC-S04,Other:PDC-S05,Other:PDC-S07,Other:PDC-S49,RM:RM_II,RM:RM_IV,Retron:Retron_III,Thoeris:Theoris_other,type_unresolved:subtype_unresolved",0
PRO_com_499,1,1,1,BAC_com_169,"Abi2DF:Abi2DF,AbiQ:AbiQ,CRISPR-Cas:CAS_Class1-IV,CRISPR-Cas:CAS_Class2_II-A,CRISPR-Cas:subtype_unresolved,DRT:DRT_other,Gabija:Gabija,Lamassu:Lamassu,Other:DMS_other,Other:PDC-S04,Other:PDC-S05,Other:PDC-S07,Other:PDC-S49,Other:PDC-S56,Other:PDC-S73,PD-T4-6:PD-T4-6,RM:RM_II,RM:RM_III,RM:RM_IV,Retron:Retron_III,Thoeris:Theoris_other,type_unresolved:subtype_unresolved",0
PRO_com_500,1,1,1,BAC_com_169,"Abi2DF:Abi2DF,AbiQ:AbiQ,CRISPR-Cas:CAS_Class1-IV,CRISPR-Cas:CAS_Class2_II-A,CRISPR-Cas:subtype_unresolved,DRT:DRT_other,Gabija:Gabija,Lamassu:Lamassu,Other:DMS_other,Other:PDC-S04,Other:PDC-S05,Other:PDC-S07,Other:PDC-S49,Other:PDC-S56,Other:PDC-S73,PD-T4-6:PD-T4-6,RM:RM_II,RM:RM_III,RM:RM_IV,Retron:Retron_III,Thoeris:Theoris_other,type_unresolved:subtype_unresolved",0
PRO_com_501,1,1,1,BAC_com_169,"Abi2DF:Abi2DF,AbiQ:AbiQ,CRISPR-Cas:CAS_Class1-IV,CRISPR-Cas:CAS_Class2_II-A,CRISPR-Cas:subtype_unresolved,DRT:DRT_other,Gabija:Gabija,Lamassu:Lamassu,Other:DMS_other,Other:PDC-S04,Other:PDC-S05,Other:PDC-S07,Other:PDC-S49,Other:PDC-S56,Other:PDC-S73,PD-T4-6:PD-T4-6,RM:RM_II,RM:RM_III,RM:RM_IV,Retron:Retron_III,Thoeris:Theoris_other,type_unresolved:subtype_unresolved",0
PRO_com_503,1,1,1,BAC_com_133,"Abi2DF:Abi2DF,AbiE:AbiE,CRISPR-Cas:CAS_Class1-IV,CRISPR-Cas:CAS_Class2_II-A,CRISPR-Cas:subtype_unresolved,DRT:DRT_other,Gabija:Gabija,Mokosh:Mokosh_II,Other:DMS_other,Other:PDC-M62,Other:PDC-S02,Other:PDC-S04,Other:PDC-S05,Other:PDC-S07,Other:PDC-S15,Other:PDC-S30,PD-T4-6:PD-T4-6,Paris:Paris,RM:RM_I,RM:RM_II,RM:RM_IIG,RM:RM_III,RM:RM_IV,RosmerTA:RosmerTA,Septu:Septu_other,Thoeris:Theoris_other",0
PRO_com_504,1,1,1,BAC_com_133,"Abi2DF:Abi2DF,AbiE:AbiE,CRISPR-Cas:CAS_Class1-IV,CRISPR-Cas:CAS_Class2_II-A,CRISPR-Cas:subtype_unresolved,DRT:DRT_other,Gabija:Gabija,Mokosh:Mokosh_II,Other:DMS_other,Other:PDC-M62,Other:PDC-S02,Other:PDC-S04,Other:PDC-S05,Other:PDC-S07,Other:PDC-S15,Other:PDC-S30,PD-T4-6:PD-T4-6,Paris:Paris,RM:RM_I,RM:RM_II,RM:RM_IIG,RM:RM_III,RM:RM_IV,RosmerTA:RosmerTA,Septu:Septu_other,Thoeris:Theoris_other",0
PRO_com_505,1,1,1,BAC_com_133,"Abi2DF:Abi2DF,AbiE:AbiE,CRISPR-Cas:CAS_Class1-IV,CRISPR-Cas:CAS_Class2_II-A,CRISPR-Cas:subtype_unresolved,DRT:DRT_other,Gabija:Gabija,Mokosh:Mokosh_II,Other:DMS_other,Other:PDC-M62,Other:PDC-S02,Other:PDC-S04,Other:PDC-S05,Other:PDC-S07,Other:PDC-S15,Other:PDC-S30,PD-T4-6:PD-T4-6,Paris:Paris,RM:RM_I,RM:RM_II,RM:RM_IIG,RM:RM_III,RM:RM_IV,RosmerTA:RosmerTA,Septu:Septu_other,Thoeris:Theoris_other",0
PRO_com_506,1,1,1,BAC_com_169,"CBASS:CBASS_I,CRISPR-Cas:CAS_Class1-IV,DRT:DRT_other,Gabija:Gabija,Mokosh:Mokosh_II,Other:DMS_other,Other:PDC-M24,Other:PDC-M62,Other:PDC-S04,Other:PDC-S05,Other:PDC-S07,PD-T4-6:PD-T4-6,Paris:Paris,RM:RM_I,RM:RM_II,RM:RM_III,RM:RM_IV,Retron:Retron_I_C,Septu:Septu_other,Thoeris:Theoris_other",0
PRO_com_507,1,1,1,BAC_com_169,"CBASS:CBASS_I,CRISPR-Cas:CAS_Class1-IV,DRT:DRT_other,Gabija:Gabija,Mokosh:Mokosh_II,Other:DMS_other,Other:PDC-M24,Other:PDC-M62,Other:PDC-S04,Other:PDC-S05,Other:PDC-S07,PD-T4-6:PD-T4-6,Paris:Paris,RM:RM_I,RM:RM_II,RM:RM_III,RM:RM_IV,Retron:Retron_I_C,Septu:Septu_other,Thoeris:Theoris_other",0
PRO_com_508,1,1,1,BAC_com_129,"AVAST:AVAST_II,CRISPR-Cas:CAS_Class1-IV,DRT:DRT_other,Gabija:Gabija,Other:DMS_other,Other:PDC-M01,Other:PDC-S02,Other:PDC-S04,Other:PDC-S05,Other:PDC-S07,Other:PDC-S56,PD-T4-6:PD-T4-6,RM:RM_I,RM:RM_II,RM:RM_IV,Septu:Septu_I,Thoeris:Theoris_other",0
PRO_com_509,1,1,1,BAC_com_91,"AbiE:AbiE,AbiG:AbiG,AbiH:AbiH,CRISPR-Cas:CAS_Class1-I-C,CRISPR-Cas:CAS_Class1-IV,DRT:DRT_other,Gabija:Gabija,Ogmios:Ogmios,Other:DMS_other,Other:PDC-S04,Other:PDC-S05,Other:PDC-S07,Other:PDC-S30,PD-T4-6:PD-T4-6,PD-T7-2:PD-T7-2,PrrC:PrrC,RM:RM_I,RM:RM_II,RM:RM_III,RM:RM_IV,Thoeris:Theoris_other,type_unresolved:subtype_unresolved",0
PRO_com_510,1,1,1,BAC_com_91,"AbiE:AbiE,AbiG:AbiG,AbiH:AbiH,CRISPR-Cas:CAS_Class1-I-C,CRISPR-Cas:CAS_Class1-IV,DRT:DRT_other,Gabija:Gabija,Ogmios:Ogmios,Other:DMS_other,Other:PDC-S04,Other:PDC-S05,Other:PDC-S07,Other:PDC-S30,PD-T4-6:PD-T4-6,PD-T7-2:PD-T7-2,PrrC:PrrC,RM:RM_I,RM:RM_II,RM:RM_III,RM:RM_IV,Thoeris:Theoris_other,type_unresolved:subtype_unresolved",0
PRO_com_511,1,1,1,BAC_com_3,"Abi2DF:Abi2DF,AbiE:AbiE,CRISPR-Cas:CAS_Class1-IV,DRT:DRT_other,Gabija:Gabija,Ogmios:Ogmios,Other:DMS_other,Other:PDC-M46,Other:PDC-S04,Other:PDC-S07,Other:PDC-S11,PD-T4-6:PD-T4-6,Paris:Paris,RM:RM_I,RM:RM_II,RM:RM_III,RM:RM_IV,RosmerTA:RosmerTA,SoFIC:SoFIC,Thoeris:Theoris_other",0
PRO_com_512,1,1,1,BAC_com_41,"AVAST:AVAST_II,Abi2DF:Abi2DF,AbiH:AbiH,CBASS:CBASS_I,CRISPR-Cas:CAS_Class1-IV,DRT:DRT_other,Gabija:Gabija,Other:DMS_other,Other:PDC-S04,Other:PDC-S05,Other:PDC-S07,Other:PDC-S13,Other:PDC-S14,Other:PDC-S32,Other:PDC-S47,Other:PDC-S50,PD-T4-6:PD-T4-6,Paris:Paris,RM:RM_I,RM:RM_II,RM:RM_III,RM:RM_IV,SoFIC:SoFIC,Thoeris:Theoris_other,VP-number:VP1853",0
PRO_com_513,1,1,1,BAC_com_174,"Abi2DF:Abi2DF,AbiE:AbiE,Aditi:Aditi,CRISPR-Cas:CAS_Class1-I-C,CRISPR-Cas:CAS_Class1-IV,CRISPR-Cas:CAS_Class2_II-A,CRISPR-Cas:subtype_unresolved,DRT:DRT_other,Gabija:Gabija,Other:DMS_other,Other:HEC-06,Other:PDC-M37,Other:PDC-S04,Other:PDC-S05,Other:PDC-S25,Other:PDC-S50,PD-T4-6:PD-T4-6,RM:RM_I,RM:RM_II,RM:RM_III,RosmerTA:RosmerTA,SoFIC:SoFIC,Stk2:Stk2,Thoeris:Theoris_other,type_unresolved:subtype_unresolved",0
PRO_com_514,1,1,1,BAC_com_174,"Abi2DF:Abi2DF,AbiE:AbiE,Aditi:Aditi,CRISPR-Cas:CAS_Class1-I-C,CRISPR-Cas:CAS_Class1-IV,CRISPR-Cas:CAS_Class2_II-A,CRISPR-Cas:subtype_unresolved,DRT:DRT_other,Gabija:Gabija,Other:DMS_other,Other:HEC-06,Other:PDC-M37,Other:PDC-S04,Other:PDC-S05,Other:PDC-S25,Other:PDC-S50,PD-T4-6:PD-T4-6,RM:RM_I,RM:RM_II,RM:RM_III,RosmerTA:RosmerTA,SoFIC:SoFIC,Stk2:Stk2,Thoeris:Theoris_other,type_unresolved:subtype_unresolved",0
PRO_com_515,1,1,1,BAC_com_2,"Abi2DF:Abi2DF,AbiE:AbiE,Belisama:Belisama,CRISPR-Cas:CAS_Class1-IV,DRT:DRT_other,Gabija:Gabija,Other:DMS_other,Other:PDC-S04,Other:PDC-S05,Other:PDC-S07,Other:PDC-S50,PD-T4-6:PD-T4-6,RM:RM_I,RM:RM_II,RM:RM_III,RM:RM_IV,RosmerTA:RosmerTA,Thoeris:Theoris_other,Thoeris:Thoeris_I",0
PRO_com_516,1,1,1,BAC_com_175,"AbiH:AbiH,AbiU:AbiU,CRISPR-Cas:CAS_Class1-IV,CRISPR-Cas:CAS_Class2_II-A,CRISPR-Cas:subtype_unresolved,DRT:DRT_other,Gabija:Gabija,Lamassu:Lamassu,Other:DMS_other,Other:PDC-M62,Other:PDC-S04,Other:PDC-S07,Other:PDC-S32,PD-T4-6:PD-T4-6,RM:RM_I,RM:RM_II,RM:RM_IIG,RM:RM_IV,Septu:Septu_other,Thoeris:Theoris_other,type_unresolved:subtype_unresolved",0
PRO_com_517,1,1,1,BAC_com_176,"Abi2DF:Abi2DF,AbiE:AbiE,AbiH:AbiH,CRISPR-Cas:CAS_Class1-I-C,CRISPR-Cas:CAS_Class1-IV,DRT:DRT_other,Gabija:Gabija,Gao_Qat:Gao_Qat,Lamassu:Lamassu,MazEF:MazEF,Mokosh:Mokosh_II,Other:DMS_other,Other:PDC-M39,Other:PDC-S04,Other:PDC-S05,Other:PDC-S07,Other:PDC-S73,PD-T4-6:PD-T4-6,PD-T7-2:PD-T7-2,RM:RM_I,RM:RM_II,RM:RM_IIG,RM:RM_III,RosmerTA:RosmerTA,SoFIC:SoFIC,Thoeris:Theoris_other,type_unresolved:subtype_unresolved",0
PRO_com_518,1,1,1,BAC_com_176,"Abi2DF:Abi2DF,AbiE:AbiE,AbiH:AbiH,CRISPR-Cas:CAS_Class1-I-C,CRISPR-Cas:CAS_Class1-IV,DRT:DRT_other,Gabija:Gabija,Gao_Qat:Gao_Qat,Lamassu:Lamassu,MazEF:MazEF,Mokosh:Mokosh_II,Other:DMS_other,Other:PDC-M39,Other:PDC-S04,Other:PDC-S05,Other:PDC-S07,Other:PDC-S73,PD-T4-6:PD-T4-6,PD-T7-2:PD-T7-2,RM:RM_I,RM:RM_II,RM:RM_IIG,RM:RM_III,RosmerTA:RosmerTA,SoFIC:SoFIC,Thoeris:Theoris_other,type_unresolved:subtype_unresolved",0
PRO_com_519,1,1,1,BAC_com_177,"Abi2DF:Abi2DF,AbiE:AbiE,CRISPR-Cas:CAS_Class1-IV,DRT:DRT_other,Gabija:Gabija,Lamassu:Lamassu,Mokosh:Mokosh_II,Ogmios:Ogmios,Other:DMS_other,Other:PDC-M47,Other:PDC-S04,Other:PDC-S07,PD-T4-6:PD-T4-6,RM:RM_I,RM:RM_III,RosmerTA:RosmerTA,Thoeris:Theoris_other,Thoeris:Thoeris_IV",0
PRO_com_52,1,1,1,BAC_com_22,"Abi2DF:Abi2DF,AbiE:AbiE,CRISPR-Cas:CAS_Class1-IV,DRT:DRT_other,Gabija:Gabija,Hachiman:Hachiman_I,Kiwa:Kiwa,Other:DMS_other,Other:PDC-M01,Other:PDC-M46,Other:PDC-S04,Other:PDC-S07,PD-T4-6:PD-T4-6,RM:RM_I,RM:RM_IIG,RM:RM_III,RM:RM_IV,Thoeris:Theoris_other,type_unresolved:subtype_unresolved",0
PRO_com_524,1,1,1,BAC_com_41,"AVAST:AVAST_II,Abi2DF:Abi2DF,AbiH:AbiH,CRISPR-Cas:CAS_Class1-IV,DRT:DRT_other,Gabija:Gabija,Other:DMS_other,Other:PDC-S04,Other:PDC-S07,Other:PDC-S14,Other:PDC-S30,Other:PDC-S32,PD-T4-6:PD-T4-6,Paris:Paris,RM:RM_I,RM:RM_II,RM:RM_III,RM:RM_IV,SoFIC:SoFIC,Thoeris:Theoris_other,VP-number:VP1853",0
PRO_com_525,1,1,1,BAC_com_21,"Abi2DF:Abi2DF,AbiE:AbiE,AbiQ:AbiQ,CRISPR-Cas:CAS_Class1-IV,DRT:DRT_other,Gabija:Gabija,Lamassu:Lamassu,Other:DMS_other,Other:PDC-S05,Other:PDC-S07,Other:PDC-S47,Other:PDC-S73,PD-Lambda-1:PD-Lambda-1,PD-T4-6:PD-T4-6,RM:RM_II,RM:RM_IV,SEFIR:SEFIR,SoFIC:SoFIC,Thoeris:Theoris_other",0
PRO_com_526,1,1,1,BAC_com_21,"Abi2DF:Abi2DF,AbiE:AbiE,AbiQ:AbiQ,CRISPR-Cas:CAS_Class1-IV,DRT:DRT_other,Gabija:Gabija,Lamassu:Lamassu,Other:DMS_other,Other:PDC-S05,Other:PDC-S07,Other:PDC-S47,Other:PDC-S73,PD-Lambda-1:PD-Lambda-1,PD-T4-6:PD-T4-6,RM:RM_II,RM:RM_IV,SEFIR:SEFIR,SoFIC:SoFIC,Thoeris:Theoris_other",0
PRO_com_527,1,1,1,BAC_com_21,"Abi2DF:Abi2DF,AbiE:AbiE,AbiQ:AbiQ,CRISPR-Cas:CAS_Class1-IV,DRT:DRT_other,Gabija:Gabija,Lamassu:Lamassu,Other:DMS_other,Other:PDC-S05,Other:PDC-S07,Other:PDC-S47,Other:PDC-S73,PD-Lambda-1:PD-Lambda-1,PD-T4-6:PD-T4-6,RM:RM_II,RM:RM_IV,SEFIR:SEFIR,SoFIC:SoFIC,Thoeris:Theoris_other",0
PRO_com_528,1,1,1,BAC_com_23,"AbiE:AbiE,Borvo:Borvo,CRISPR-Cas:CAS_Class1-I-C,CRISPR-Cas:CAS_Class1-IV,DRT:DRT_other,Gabija:Gabija,Hachiman:Hachiman_I,MazEF:MazEF,Other:DMS_other,Other:PDC-M14,Other:PDC-M22,Other:PDC-M46,Other:PDC-S05,Other:PDC-S07,Other:PDC-S30,PD-T4-6:PD-T4-6,RM:RM_II,RM:RM_III,RM:RM_IV,RosmerTA:RosmerTA,Stk2:Stk2,Thoeris:Theoris_other,tmn:tmn-alpha",0
PRO_com_529,1,1,1,BAC_com_23,"AbiE:AbiE,Borvo:Borvo,CRISPR-Cas:CAS_Class1-I-C,CRISPR-Cas:CAS_Class1-IV,DRT:DRT_other,Gabija:Gabija,Hachiman:Hachiman_I,MazEF:MazEF,Other:DMS_other,Other:PDC-M14,Other:PDC-M22,Other:PDC-M46,Other:PDC-S05,Other:PDC-S07,Other:PDC-S30,PD-T4-6:PD-T4-6,RM:RM_II,RM:RM_III,RM:RM_IV,RosmerTA:RosmerTA,Stk2:Stk2,Thoeris:Theoris_other,tmn:tmn-alpha",0
PRO_com_530,1,1,1,BAC_com_180,"Abi2DF:Abi2DF,AbiE:AbiE,CRISPR-Cas:CAS_Class1-IV,DRT:DRT_other,Gabija:Gabija,MazEF:MazEF,Other:DMS_other,Other:PDC-S04,Other:PDC-S07,Other:PDC-S18,PD-T4-6:PD-T4-6,PD-T4-9:PD-T4-9,RM:RM_I,RM:RM_II,RM:RM_IIG,Thoeris:Theoris_other,Uzume:Uzume,type_unresolved:subtype_unresolved",0
PRO_com_531,1,1,1,BAC_com_180,"Abi2DF:Abi2DF,AbiE:AbiE,CRISPR-Cas:CAS_Class1-IV,DRT:DRT_other,Gabija:Gabija,MazEF:MazEF,Other:DMS_other,Other:PDC-S04,Other:PDC-S07,Other:PDC-S18,PD-T4-6:PD-T4-6,PD-T4-9:PD-T4-9,RM:RM_I,RM:RM_II,RM:RM_IIG,Thoeris:Theoris_other,Uzume:Uzume,type_unresolved:subtype_unresolved",0
PRO_com_532,1,1,1,BAC_com_180,"Abi2DF:Abi2DF,AbiE:AbiE,AbiG:AbiG,CRISPR-Cas:CAS_Class1-I-C,CRISPR-Cas:CAS_Class1-IV,DRT:DRT_other,Gabija:Gabija,MazEF:MazEF,Other:DMS_other,Other:PDC-S04,Other:PDC-S07,Other:PDC-S11,PD-T4-6:PD-T4-6,RM:RM_I,RM:RM_II,RM:RM_IIG,Rst_HelicaseDUF2290:Rst_HelicaseDUF2290,Thoeris:Theoris_other,Uzume:Uzume,type_unresolved:subtype_unresolved",0
PRO_com_533,1,1,1,BAC_com_2,"AbiE:AbiE,CRISPR-Cas:CAS_Class1-IV,DRT:DRT_other,Gabija:Gabija,Other:DMS_other,Other:PDC-S04,Other:PDC-S07,Other:PDC-S50,PD-T4-6:PD-T4-6,RM:RM_I,RM:RM_II,RM:RM_III,RM:RM_IV,RosmerTA:RosmerTA,Thoeris:Theoris_other,Thoeris:Thoeris_I",0
PRO_com_535,1,1,1,BAC_com_123,"Borvo:Borvo,CRISPR-Cas:CAS_Class1-IV,CRISPR-Cas:CAS_Class2_II-A,CRISPR-Cas:subtype_unresolved,DRT:DRT_other,Gabija:Gabija,Other:DMS_other,Other:PDC-S04,Other:PDC-S07,Other:PDC-S13,Other:PDC-S22,Other:PDC-S42,PD-T4-6:PD-T4-6,RM:RM_I,RM:RM_II,RM:RM_IV,RloC:RloC,Thoeris:Theoris_other",0
PRO_com_536,1,1,1,BAC_com_162,"Abi2DF:Abi2DF,AbiE:AbiE,CRISPR-Cas:CAS_Class1-IV,DRT:DRT_other,Gabija:Gabija,Gao_ietAS:Gao_ietAS,MazEF:MazEF,Mokosh:Mokosh_II,Other:DMS_other,Other:PDC-M14,Other:PDC-M39,Other:PDC-M50,Other:PDC-S04,Other:PDC-S05,Other:PDC-S07,Other:PDC-S13,Other:PDC-S14,Other:PDC-S30,PD-T4-6:PD-T4-6,PrrC:PrrC,RM:RM_I,RM:RM_II,RM:RM_IIG,RM:RM_III,RM:RM_IV,SoFIC:SoFIC,Thoeris:Theoris_other,type_unresolved:subtype_unresolved",0
PRO_com_537,1,1,1,BAC_com_162,"Abi2DF:Abi2DF,AbiE:AbiE,CRISPR-Cas:CAS_Class1-IV,DRT:DRT_other,Gabija:Gabija,Gao_ietAS:Gao_ietAS,MazEF:MazEF,Mokosh:Mokosh_II,Other:DMS_other,Other:PDC-M14,Other:PDC-M39,Other:PDC-M50,Other:PDC-S04,Other:PDC-S05,Other:PDC-S07,Other:PDC-S13,Other:PDC-S14,Other:PDC-S30,PD-T4-6:PD-T4-6,PrrC:PrrC,RM:RM_I,RM:RM_II,RM:RM_IIG,RM:RM_III,RM:RM_IV,SoFIC:SoFIC,Thoeris:Theoris_other,type_unresolved:subtype_unresolved",0
PRO_com_538,1,1,1,BAC_com_184,"CRISPR-Cas:CAS_Class1-IV,Gabija:Gabija,Other:DMS_other,Other:PDC-S07,Other:PDC-S11,Other:PDC-S47,PD-T4-6:PD-T4-6,PD-T7-4:PD-T7-4,RM:RM_I,SoFIC:SoFIC,Thoeris:Theoris_other",0
PRO_com_542,1,1,1,BAC_com_188,"AbiE:AbiE,AbiG:AbiG,CRISPR-Cas:CAS_Class1-IV,DRT:DRT_other,Gabija:Gabija,Nantosuelta:Nantosuelta,Other:DMS_other,Other:PDC-M62,Other:PDC-S04,Other:PDC-S07,Other:PDC-S30,Other:PDC-S50,PD-T4-6:PD-T4-6,RM:RM_I,RM:RM_II,RM:RM_IIG,RM:RM_IV,Rst_HelicaseDUF2290:Rst_HelicaseDUF2290,Septu:Septu_other,Thoeris:Theoris_other,Uzume:Uzume",0
PRO_com_543,1,1,1,BAC_com_188,"AbiE:AbiE,AbiG:AbiG,CRISPR-Cas:CAS_Class1-IV,DRT:DRT_other,Gabija:Gabija,Nantosuelta:Nantosuelta,Other:DMS_other,Other:PDC-M62,Other:PDC-S04,Other:PDC-S07,Other:PDC-S30,Other:PDC-S50,PD-T4-6:PD-T4-6,RM:RM_I,RM:RM_II,RM:RM_IIG,RM:RM_IV,Rst_HelicaseDUF2290:Rst_HelicaseDUF2290,Septu:Septu_other,Thoeris:Theoris_other,Uzume:Uzume",0
PRO_com_544,1,1,1,BAC_com_188,"AbiE:AbiE,AbiG:AbiG,CRISPR-Cas:CAS_Class1-IV,DRT:DRT_other,Gabija:Gabija,Nantosuelta:Nantosuelta,Other:DMS_other,Other:PDC-M62,Other:PDC-S04,Other:PDC-S07,Other:PDC-S30,Other:PDC-S50,PD-T4-6:PD-T4-6,RM:RM_I,RM:RM_II,RM:RM_IIG,RM:RM_IV,Rst_HelicaseDUF2290:Rst_HelicaseDUF2290,Septu:Septu_other,Thoeris:Theoris_other,Uzume:Uzume",0
PRO_com_547,1,1,1,BAC_com_137,"Abi2DF:Abi2DF,CRISPR-Cas:CAS_Class1-IV,DRT:DRT_other,Gabija:Gabija,Hachiman:Hachiman_I,Other:DMS_other,Other:PDC-M24,Other:PDC-S04,Other:PDC-S07,Other:PDC-S47,PD-T4-6:PD-T4-6,RM:RM_I,RM:RM_II,RM:RM_IIG,RM:RM_III,RM:RM_IV,Stk2:Stk2,Thoeris:Theoris_other,Thoeris:Thoeris_I,Zorya:Zorya_other,type_unresolved:subtype_unresolved",0
PRO_com_548,1,1,1,BAC_com_137,"Abi2DF:Abi2DF,CRISPR-Cas:CAS_Class1-IV,DRT:DRT_other,Gabija:Gabija,Hachiman:Hachiman_I,Other:DMS_other,Other:PDC-M24,Other:PDC-S04,Other:PDC-S07,Other:PDC-S47,PD-T4-6:PD-T4-6,RM:RM_I,RM:RM_II,RM:RM_IIG,RM:RM_III,RM:RM_IV,Stk2:Stk2,Thoeris:Theoris_other,Thoeris:Thoeris_I,Zorya:Zorya_other,type_unresolved:subtype_unresolved",0
PRO_com_549,1,1,1,BAC_com_137,"Abi2DF:Abi2DF,CRISPR-Cas:CAS_Class1-IV,DRT:DRT_other,Gabija:Gabija,Hachiman:Hachiman_I,Other:DMS_other,Other:PDC-M24,Other:PDC-S04,Other:PDC-S07,Other:PDC-S47,PD-T4-6:PD-T4-6,RM:RM_I,RM:RM_II,RM:RM_IIG,RM:RM_III,RM:RM_IV,Stk2:Stk2,Thoeris:Theoris_other,Thoeris:Thoeris_I,Zorya:Zorya_other,type_unresolved:subtype_unresolved",0
PRO_com_550,1,1,1,BAC_com_137,"Abi2DF:Abi2DF,CRISPR-Cas:CAS_Class1-IV,DRT:DRT_other,Gabija:Gabija,Hachiman:Hachiman_I,Other:DMS_other,Other:PDC-M24,Other:PDC-S04,Other:PDC-S07,Other:PDC-S47,PD-T4-6:PD-T4-6,RM:RM_I,RM:RM_II,RM:RM_IIG,RM:RM_III,RM:RM_IV,Stk2:Stk2,Thoeris:Theoris_other,Thoeris:Thoeris_I,Zorya:Zorya_other,type_unresolved:subtype_unresolved",0
PRO_com_551,1,1,1,BAC_com_137,"Abi2DF:Abi2DF,CRISPR-Cas:CAS_Class1-IV,DRT:DRT_other,Gabija:Gabija,Hachiman:Hachiman_I,Other:DMS_other,Other:PDC-M24,Other:PDC-S04,Other:PDC-S07,Other:PDC-S47,PD-T4-6:PD-T4-6,RM:RM_I,RM:RM_II,RM:RM_IIG,RM:RM_III,RM:RM_IV,Stk2:Stk2,Thoeris:Theoris_other,Thoeris:Thoeris_I,Zorya:Zorya_other,type_unresolved:subtype_unresolved",0
PRO_com_552,1,1,1,BAC_com_191,"Abi2DF:Abi2DF,AbiE:AbiE,CRISPR-Cas:CAS_Class1-IV,CRISPR-Cas:CAS_Class2_II-A,CRISPR-Cas:CAS_other,CRISPR-Cas:subtype_unresolved,Gabija:Gabija,Lamassu:Lamassu,Other:DMS_other,Other:HEC-06,Other:PDC-S02,Other:PDC-S18,Other:PDC-S51,Other:PDC-S53,PD-Lambda-1:PD-Lambda-1,PD-T4-6:PD-T4-6,RM:RM_II,RM:RM_IIG,RM:RM_III,ShosTA:ShosTA,Thoeris:Theoris_other",0
PRO_com_553,1,1,1,BAC_com_191,"Abi2DF:Abi2DF,AbiE:AbiE,CRISPR-Cas:CAS_Class1-IV,CRISPR-Cas:CAS_Class2_II-A,CRISPR-Cas:CAS_other,CRISPR-Cas:subtype_unresolved,Gabija:Gabija,Lamassu:Lamassu,Other:DMS_other,Other:HEC-06,Other:PDC-S02,Other:PDC-S18,Other:PDC-S51,Other:PDC-S53,PD-Lambda-1:PD-Lambda-1,PD-T4-6:PD-T4-6,RM:RM_II,RM:RM_IIG,RM:RM_III,ShosTA:ShosTA,Thoeris:Theoris_other",0
PRO_com_554,1,1,1,BAC_com_192,"AbiE:AbiE,CRISPR-Cas:CAS_Class1-IV,CRISPR-Cas:CAS_Class2_II-A,CRISPR-Cas:subtype_unresolved,DRT:DRT_Class1_AbiAKP2,DRT:DRT_other,Dodola:Dodola,Gabija:Gabija,Other:DMS_other,Other:PDC-M14,Other:PDC-S07,Other:PDC-S30,Other:PDC-S50,Other:PDC-S56,Other:PDC-S58,PD-T4-6:PD-T4-6,RM:RM_II,RM:RM_III,RM:RM_IV,Thoeris:Theoris_other",0
PRO_com_555,1,1,1,BAC_com_193,"Abi2DF:Abi2DF,AbiE:AbiE,CRISPR-Cas:CAS_Class1-IV,CRISPR-Cas:CAS_Class2_II-A,CRISPR-Cas:CAS_other,CRISPR-Cas:subtype_unresolved,DRT:DRT_other,Gabija:Gabija,Gao_Qat:Gao_Qat,Lamassu:Lamassu,Other:DMS_other,Other:PDC-M37,Other:PDC-S04,Other:PDC-S05,Other:PDC-S07,Other:PDC-S30,PD-T4-6:PD-T4-6,RM:RM_I,RM:RM_IV,Retron:Retron_III,Thoeris:Theoris_other",0
PRO_com_556,1,1,1,BAC_com_193,"Abi2DF:Abi2DF,AbiE:AbiE,CRISPR-Cas:CAS_Class1-IV,CRISPR-Cas:CAS_Class2_II-A,CRISPR-Cas:CAS_other,CRISPR-Cas:subtype_unresolved,DRT:DRT_other,Gabija:Gabija,Gao_Qat:Gao_Qat,Lamassu:Lamassu,Other:DMS_other,Other:PDC-M37,Other:PDC-S04,Other:PDC-S05,Other:PDC-S07,Other:PDC-S30,PD-T4-6:PD-T4-6,RM:RM_I,RM:RM_IV,Retron:Retron_III,Thoeris:Theoris_other",0
PRO_com_557,1,1,1,BAC_com_136,"Abi2DF:Abi2DF,CRISPR-Cas:CAS_Class1-IV,DRT:DRT_other,Gabija:Gabija,Gao_Ppl:Gao_Ppl,Kiwa:Kiwa,NixI:NixI,Other:DMS_other,Other:PDC-M11,Other:PDC-M22,Other:PDC-M62,Other:PDC-S04,Other:PDC-S05,Other:PDC-S07,PD-T4-6:PD-T4-6,PD-T7-2:PD-T7-2,RM:RM_I,RM:RM_II,RM:RM_IIG,RM:RM_III,RM:RM_IV,RosmerTA:RosmerTA,ShosTA:ShosTA,Thoeris:Theoris_other,type_unresolved:subtype_unresolved",0
PRO_com_558,1,1,1,BAC_com_136,"Abi2DF:Abi2DF,CRISPR-Cas:CAS_Class1-IV,DRT:DRT_other,Gabija:Gabija,Gao_Ppl:Gao_Ppl,Kiwa:Kiwa,NixI:NixI,Other:DMS_other,Other:PDC-M11,Other:PDC-M22,Other:PDC-M62,Other:PDC-S04,Other:PDC-S05,Other:PDC-S07,PD-T4-6:PD-T4-6,PD-T7-2:PD-T7-2,RM:RM_I,RM:RM_II,RM:RM_IIG,RM:RM_III,RM:RM_IV,RosmerTA:RosmerTA,ShosTA:ShosTA,Thoeris:Theoris_other,type_unresolved:subtype_unresolved",0
PRO_com_559,1,1,1,BAC_com_136,"Abi2DF:Abi2DF,CRISPR-Cas:CAS_Class1-IV,DRT:DRT_other,Gabija:Gabija,Gao_Ppl:Gao_Ppl,Kiwa:Kiwa,NixI:NixI,Other:DMS_other,Other:PDC-M11,Other:PDC-M22,Other:PDC-M62,Other:PDC-S04,Other:PDC-S05,Other:PDC-S07,PD-T4-6:PD-T4-6,PD-T7-2:PD-T7-2,RM:RM_I,RM:RM_II,RM:RM_IIG,RM:RM_III,RM:RM_IV,RosmerTA:RosmerTA,ShosTA:ShosTA,Thoeris:Theoris_other,type_unresolved:subtype_unresolved",0
PRO_com_56,1,1,1,BAC_com_23,"Abi2DF:Abi2DF,Borvo:Borvo,CRISPR-Cas:CAS_Class1-I-C,CRISPR-Cas:CAS_Class1-IV,CRISPR-Cas:CAS_Class2_II-A,CRISPR-Cas:subtype_unresolved,DRT:DRT_other,Gabija:Gabija,Hachiman:Hachiman_I,MazEF:MazEF,Other:DMS_other,Other:PDC-M14,Other:PDC-M46,Other:PDC-S05,Other:PDC-S07,Other:PDC-S30,PD-Lambda-1:PD-Lambda-1,PD-T4-6:PD-T4-6,RM:RM_II,RM:RM_III,RM:RM_IV,RosmerTA:RosmerTA,Thoeris:Theoris_other,tmn:tmn-alpha",0
PRO_com_560,1,1,1,BAC_com_47,"AbiE:AbiE,CRISPR-Cas:CAS_Class1-I-C,CRISPR-Cas:CAS_Class1-IV,DRT:DRT_other,Gabija:Gabija,Other:DMS_other,Other:HEC-06,Other:PDC-M14,Other:PDC-S07,Other:PDC-S30,PD-T4-6:PD-T4-6,RM:RM_I,RM:RM_III,RM:RM_IV,Thoeris:Theoris_other",0
PRO_com_561,1,1,1,BAC_com_197,"AbiE:AbiE,Aditi:Aditi,Borvo:Borvo,CRISPR-Cas:CAS_Class1-IV,DRT:DRT_other,Gabija:Gabija,Menshen:Menshen_other,Other:DMS_other,Other:HEC-06,Other:PDC-M24,Other:PDC-S04,Other:PDC-S05,PD-T4-6:PD-T4-6,PD-T7-2:PD-T7-2,RM:RM_I,RM:RM_II,RM:RM_IIG,RM:RM_III,SoFIC:SoFIC,Thoeris:Theoris_other",0
PRO_com_562,1,1,1,BAC_com_151,"AbiE:AbiE,CRISPR-Cas:CAS_Class1-IV,DRT:DRT_other,Gabija:Gabija,Lamassu:Lamassu,MazEF:MazEF,Other:DMS_other,Other:HEC-06,Other:PDC-S04,Other:PDC-S07,PD-T4-6:PD-T4-6,RM:RM_I,RM:RM_IIG,SoFIC:SoFIC,Thoeris:Theoris_other,tmn:tmn-beta,type_unresolved:subtype_unresolved",0
PRO_com_563,1,1,1,BAC_com_151,"AbiE:AbiE,CRISPR-Cas:CAS_Class1-IV,DRT:DRT_other,Gabija:Gabija,Lamassu:Lamassu,MazEF:MazEF,Other:DMS_other,Other:HEC-06,Other:PDC-S04,Other:PDC-S07,PD-T4-6:PD-T4-6,RM:RM_I,RM:RM_IIG,SoFIC:SoFIC,Thoeris:Theoris_other,tmn:tmn-beta,type_unresolved:subtype_unresolved",0
PRO_com_564,1,1,1,BAC_com_198,"AbiE:AbiE,CBASS:CBASS_II,CRISPR-Cas:CAS_Class1-IV,DRT:DRT_other,Gabija:Gabija,MazEF:MazEF,Other:DMS_other,Other:PDC-M24,Other:PDC-S04,Other:PDC-S05,Other:PDC-S07,Other:PDC-S13,Other:PDC-S14,Other:PDC-S47,PD-T4-6:PD-T4-6,PD-T4-9:PD-T4-9,RM:RM_I,RM:RM_IIG,RM:RM_III,RM:RM_IV,SoFIC:SoFIC,Thoeris:Theoris_other,type_unresolved:subtype_unresolved",0
PRO_com_566,1,1,1,BAC_com_199,"AbiE:AbiE,AbiG:AbiG,CRISPR-Cas:CAS_Class1-IV,DRT:DRT_Class2,DRT:DRT_other,Gabija:Gabija,Mokosh:Mokosh_II,Other:DMS_other,Other:PDC-S04,Other:PDC-S05,Other:PDC-S07,Other:PDC-S14,Other:PDC-S15,PD-T4-6:PD-T4-6,Paris:Paris,RM:RM_I,RM:RM_II,RM:RM_IIG,RM:RM_III,RM:RM_IV,SoFIC:SoFIC,Thoeris:Theoris_other,Thoeris:Thoeris_I,type_unresolved:subtype_unresolved",0
PRO_com_567,1,1,1,BAC_com_200,"AbiE:AbiE,CRISPR-Cas:CAS_Class1-IV,DRT:DRT_other,Gabija:Gabija,MazEF:MazEF,Other:DMS_other,Other:PDC-S04,Other:PDC-S07,Other:PDC-S14,Other:PDC-S32,PD-T4-6:PD-T4-6,Paris:Paris,RM:RM_I,RM:RM_II,RM:RM_IIG,RM:RM_IV,SoFIC:SoFIC,Thoeris:Theoris_other,Thoeris:Thoeris_I,Uzume:Uzume,tmn:tmn-beta",0
PRO_com_568,1,1,1,BAC_com_199,"AbiE:AbiE,AbiG:AbiG,AbiH:AbiH,CRISPR-Cas:CAS_Class1-IV,DRT:DRT_other,Gabija:Gabija,Mokosh:Mokosh_II,Other:DMS_other,Other:PDC-S04,Other:PDC-S05,Other:PDC-S07,Other:PDC-S14,Other:PDC-S15,Other:PDC-S73,PD-T4-6:PD-T4-6,Paris:Paris,PrrC:PrrC,RM:RM_I,RM:RM_II,RM:RM_IIG,RM:RM_III,RM:RM_IV,SoFIC:SoFIC,Thoeris:Theoris_other,Thoeris:Thoeris_I,type_unresolved:subtype_unresolved",0
PRO_com_574,1,1,1,BAC_com_203,"Abi2DF:Abi2DF,CRISPR-Cas:CAS_Class1-I-C,CRISPR-Cas:CAS_Class1-IV,DRT:DRT_other,Gabija:Gabija,Other:DMS_other,Other:PDC-M24,Other:PDC-S04,Other:PDC-S07,Other:PDC-S18,Other:PDC-S30,Other:PDC-S42,PD-T4-6:PD-T4-6,RM:RM_I,RM:RM_II,RM:RM_III,RM:RM_IV,RloC:RloC,Thoeris:Theoris_other",0
PRO_com_577,1,1,1,BAC_com_135,"Abi2DF:Abi2DF,AbiE:AbiE,CRISPR-Cas:CAS_Class1-I-C,CRISPR-Cas:CAS_Class1-IV,DRT:DRT_other,Detocs:Detocs,Dodola:Dodola,Gabija:Gabija,MazEF:MazEF,Other:DMS_other,Other:PDC-M39,Other:PDC-S04,Other:PDC-S05,Other:PDC-S07,Other:PDC-S13,Other:PDC-S14,PD-T4-6:PD-T4-6,Paris:Paris,PrrC:PrrC,RM:RM_I,RM:RM_II,RM:RM_III,RM:RM_IV,SoFIC:SoFIC,Thoeris:Theoris_other,type_unresolved:subtype_unresolved",0
PRO_com_578,1,1,1,BAC_com_135,"Abi2DF:Abi2DF,AbiE:AbiE,CRISPR-Cas:CAS_Class1-I-C,CRISPR-Cas:CAS_Class1-IV,DRT:DRT_other,Detocs:Detocs,Dodola:Dodola,Gabija:Gabija,MazEF:MazEF,Other:DMS_other,Other:PDC-M39,Other:PDC-S04,Other:PDC-S05,Other:PDC-S07,Other:PDC-S13,Other:PDC-S14,PD-T4-6:PD-T4-6,Paris:Paris,PrrC:PrrC,RM:RM_I,RM:RM_II,RM:RM_III,RM:RM_IV,SoFIC:SoFIC,Thoeris:Theoris_other,type_unresolved:subtype_unresolved",0
PRO_com_579,1,1,1,BAC_com_5,"Abi2DF:Abi2DF,AbiE:AbiE,CRISPR-Cas:CAS_Class1-IV,DRT:DRT_other,Gabija:Gabija,Hachiman:Hachiman_I,Other:DMS_other,Other:PDC-S04,Other:PDC-S05,Other:PDC-S07,Other:PDC-S30,PD-T4-6:PD-T4-6,Paris:Paris,RM:RM_I,RM:RM_II,RM:RM_III,RM:RM_IV,SoFIC:SoFIC,Thoeris:Theoris_other",0
PRO_com_58,1,1,1,BAC_com_23,"Abi2DF:Abi2DF,Borvo:Borvo,CRISPR-Cas:CAS_Class1-I-C,CRISPR-Cas:CAS_Class1-IV,CRISPR-Cas:CAS_Class2_II-A,CRISPR-Cas:subtype_unresolved,DRT:DRT_other,Gabija:Gabija,Hachiman:Hachiman_I,Other:DMS_other,Other:PDC-M14,Other:PDC-M46,Other:PDC-S05,Other:PDC-S07,Other:PDC-S30,PD-T4-6:PD-T4-6,RM:RM_II,RM:RM_III,RM:RM_IV,RosmerTA:RosmerTA,Thoeris:Theoris_other,tmn:tmn-alpha",0
PRO_com_580,1,1,1,BAC_com_5,"Abi2DF:Abi2DF,AbiE:AbiE,CRISPR-Cas:CAS_Class1-IV,DRT:DRT_other,Gabija:Gabija,Hachiman:Hachiman_I,Other:DMS_other,Other:PDC-S04,Other:PDC-S05,Other:PDC-S07,Other:PDC-S30,PD-T4-6:PD-T4-6,Paris:Paris,RM:RM_I,RM:RM_II,RM:RM_III,RM:RM_IV,SoFIC:SoFIC,Thoeris:Theoris_other",0
PRO_com_581,1,1,1,BAC_com_5,"Abi2DF:Abi2DF,CBASS:CBASS_II,CRISPR-Cas:CAS_Class1-IV,DRT:DRT_other,Gabija:Gabija,Hachiman:Hachiman_I,Other:DMS_other,Other:PDC-M46,Other:PDC-S04,Other:PDC-S07,PD-Lambda-1:PD-Lambda-1,PD-T4-6:PD-T4-6,Paris:Paris,RM:RM_I,RM:RM_II,RM:RM_III,RM:RM_IV,SoFIC:SoFIC,Thoeris:Theoris_other",0
PRO_com_582,3,1,1,BAC_com_41,"Abi2DF:Abi2DF,AbiH:AbiH,CRISPR-Cas:CAS_Class1-IV,DRT:DRT_other,Gabija:Gabija,Lamassu:Lamassu,Other:DMS_other,Other:PDC-S04,Other:PDC-S05,Other:PDC-S07,Other:PDC-S13,Other:PDC-S14,Other:PDC-S30,PD-T4-6:PD-T4-6,Paris:Paris,PrrC:PrrC,RM:RM_I,RM:RM_II,RM:RM_III,RM:RM_IV,SoFIC:SoFIC,Thoeris:Theoris_other,Uzume:Uzume,VP-number:VP1853",0
PRO_com_583,1,1,1,BAC_com_41,"Abi2DF:Abi2DF,AbiH:AbiH,CRISPR-Cas:CAS_Class1-IV,DRT:DRT_other,Gabija:Gabija,Lamassu:Lamassu,Other:DMS_other,Other:PDC-S04,Other:PDC-S05,Other:PDC-S07,Other:PDC-S13,Other:PDC-S14,Other:PDC-S30,PD-T4-6:PD-T4-6,Paris:Paris,PrrC:PrrC,RM:RM_I,RM:RM_II,RM:RM_III,RM:RM_IV,SoFIC:SoFIC,Thoeris:Theoris_other,Uzume:Uzume,VP-number:VP1853",0
PRO_com_585,1,1,1,BAC_com_205,"AbiE:AbiE,CRISPR-Cas:CAS_Class1-I-C,CRISPR-Cas:CAS_Class1-IV,DRT:DRT_other,Gabija:Gabija,Lamassu:Lamassu,Other:DMS_other,Other:PDC-S04,Other:PDC-S05,Other:PDC-S07,Other:PDC-S30,PD-T4-6:PD-T4-6,RM:RM_I,RM:RM_II,RM:RM_IIG,RM:RM_III,RM:RM_IV,SoFIC:SoFIC,Thoeris:Theoris_other",0
PRO_com_586,1,1,1,BAC_com_204,"CRISPR-Cas:CAS_Class1-IV,CRISPR-Cas:CAS_Class2_II-A,CRISPR-Cas:subtype_unresolved,DRT:DRT_other,Gabija:Gabija,Lamassu:Lamassu,Other:DMS_other,Other:PDC-S04,Other:PDC-S05,Other:PDC-S07,PD-T4-6:PD-T4-6,RM:RM_I,RM:RM_II,RM:RM_III,RM:RM_IV,RosmerTA:RosmerTA,Thoeris:Theoris_other,type_unresolved:subtype_unresolved",0
PRO_com_587,1,1,1,BAC_com_205,"AbiE:AbiE,CRISPR-Cas:CAS_Class1-I-C,CRISPR-Cas:CAS_Class1-IV,DRT:DRT_other,Gabija:Gabija,Other:DMS_other,Other:PDC-S04,Other:PDC-S05,Other:PDC-S07,PD-T4-6:PD-T4-6,RM:RM_I,RM:RM_II,RM:RM_III,RM:RM_IV,SoFIC:SoFIC,Stk2:Stk2,Thoeris:Theoris_other",0
PRO_com_590,1,1,1,BAC_com_140,"Abi2DF:Abi2DF,AbiE:AbiE,CRISPR-Cas:CAS_Class1-IV,DRT:DRT_Class1_AbiAKP2,DRT:DRT_other,Gabija:Gabija,Menshen:Menshen_other,Ogmios:Ogmios,Other:DMS_other,Other:PDC-M62,Other:PDC-S05,Other:PDC-S07,Other:PDC-S73,PD-T4-6:PD-T4-6,RM:RM_I,RM:RM_II,RM:RM_IV,RosmerTA:RosmerTA,Septu:Septu_other,Thoeris:Theoris_other",0
PRO_com_591,1,1,1,BAC_com_141,"Abi2DF:Abi2DF,AbiE:AbiE,AbiH:AbiH,CRISPR-Cas:CAS_Class1-I-C,CRISPR-Cas:CAS_Class1-IV,DRT:DRT_other,Detocs:Detocs,Dodola:Dodola,Gabija:Gabija,MazEF:MazEF,Other:DMS_other,Other:PDC-S04,Other:PDC-S05,Other:PDC-S07,PD-T4-6:PD-T4-6,Paris:Paris,RM:RM_I,RM:RM_II,RM:RM_IIG,RM:RM_III,RM:RM_IV,SoFIC:SoFIC,Thoeris:Theoris_other,Uzume:Uzume",0
PRO_com_592,1,1,1,BAC_com_105,"Abi2DF:Abi2DF,AbiG:AbiG,AbiH:AbiH,CRISPR-Cas:CAS_Class1-IV,DRT:DRT_other,Gabija:Gabija,Mokosh:Mokosh_II,Other:DMS_other,Other:PDC-M14,Other:PDC-S02,Other:PDC-S04,Other:PDC-S05,Other:PDC-S07,Other:PDC-S13,Other:PDC-S14,Other:PDC-S32,PD-T4-6:PD-T4-6,Paris:Paris,RM:RM_I,RM:RM_II,RM:RM_IIG,SoFIC:SoFIC,Thoeris:Theoris_other",0
PRO_com_593,1,1,1,BAC_com_123,"AbiG:AbiG,Belisama:Belisama,CRISPR-Cas:CAS_Class1-IV,DRT:DRT_other,Detocs:Detocs,Gabija:Gabija,Hachiman:Hachiman_I,Other:DMS_other,Other:PDC-M24,Other:PDC-S02,Other:PDC-S04,Other:PDC-S05,Other:PDC-S07,PD-T4-6:PD-T4-6,RM:RM_I,RM:RM_II,RM:RM_IIG,RM:RM_III,RM:RM_IV,Thoeris:Theoris_other,tmn:tmn-alpha",0
PRO_com_596,1,1,1,BAC_com_51,"Abi2DF:Abi2DF,AbiE:AbiE,CRISPR-Cas:CAS_Class1-IV,CRISPR-Cas:CAS_Class2_II-A,CRISPR-Cas:subtype_unresolved,DRT:DRT_other,Gabija:Gabija,Other:DMS_other,Other:PDC-M49,Other:PDC-S04,Other:PDC-S07,Other:PDC-S30,Other:PDC-S47,PD-T4-6:PD-T4-6,RM:RM_I,RM:RM_II,RM:RM_III,RM:RM_IV,Thoeris:Theoris_other,type_unresolved:subtype_unresolved",0
PRO_com_598,1,1,1,BAC_com_202,"Abi2DF:Abi2DF,AbiE:AbiE,AbiH:AbiH,AbiR:AbiR,CRISPR-Cas:CAS_Class1-I-C,CRISPR-Cas:CAS_Class1-IV,DRT:DRT_other,Detocs:Detocs,Dodola:Dodola,Gabija:Gabija,MazEF:MazEF,Mokosh:Mokosh_II,Other:DMS_other,Other:PDC-S04,Other:PDC-S05,Other:PDC-S07,Other:PDC-S13,Other:PDC-S14,PD-T4-6:PD-T4-6,Paris:Paris,RM:RM_I,RM:RM_II,RM:RM_IIG,RM:RM_III,RM:RM_IV,SoFIC:SoFIC,Thoeris:Theoris_other,type_unresolved:subtype_unresolved",0
PRO_com_599,1,1,1,BAC_com_123,"Borvo:Borvo,CRISPR-Cas:CAS_Class1-IV,CRISPR-Cas:CAS_Class2_II-A,CRISPR-Cas:subtype_unresolved,DRT:DRT_other,Gabija:Gabija,Other:DMS_other,Other:PDC-S04,Other:PDC-S07,Other:PDC-S13,Other:PDC-S22,Other:PDC-S42,PD-T4-6:PD-T4-6,RM:RM_I,RM:RM_II,RM:RM_IV,RloC:RloC,Thoeris:Theoris_other",0
PRO_com_600,1,1,1,BAC_com_5,"Abi2DF:Abi2DF,AbiE:AbiE,CBASS:CBASS_II,CRISPR-Cas:CAS_Class1-IV,DRT:DRT_other,Gabija:Gabija,Hachiman:Hachiman_I,Other:DMS_other,Other:PDC-M46,Other:PDC-S02,Other:PDC-S04,Other:PDC-S07,Other:PDC-S30,PD-T4-6:PD-T4-6,Paris:Paris,RM:RM_I,RM:RM_II,RM:RM_III,RM:RM_IV,SoFIC:SoFIC,Thoeris:Theoris_other,type_unresolved:subtype_unresolved",0
PRO_com_602,1,1,1,BAC_com_37,"Abi2DF:Abi2DF,AbiE:AbiE,CRISPR-Cas:CAS_Class1-IV,DRT:DRT_other,Gabija:Gabija,Other:DMS_other,Other:PDC-S04,Other:PDC-S07,Other:PDC-S13,Other:PDC-S14,PD-T4-6:PD-T4-6,Paris:Paris,RM:RM_I,RM:RM_II,RM:RM_IIG,RM:RM_III,RM:RM_IV,SoFIC:SoFIC,Thoeris:Theoris_other,tmn:tmn-beta,type_unresolved:subtype_unresolved",0
PRO_com_604,1,1,1,BAC_com_208,"Abi2DF:Abi2DF,AbiE:AbiE,CRISPR-Cas:CAS_Class1-I-C,CRISPR-Cas:CAS_Class1-IV,DRT:DRT_other,Gabija:Gabija,Other:DMS_other,Other:PDC-S04,Other:PDC-S05,Other:PDC-S07,Other:PDC-S13,Other:PDC-S14,Other:PDC-S15,Other:PDC-S35,PD-T4-6:PD-T4-6,Paris:Paris,RM:RM_I,RM:RM_II,RM:RM_IIG,RM:RM_III,RM:RM_IV,SoFIC:SoFIC,Stk2:Stk2,Thoeris:Theoris_other,Thoeris:Thoeris_I,tmn:tmn-beta,type_unresolved:subtype_unresolved",0
PRO_com_605,1,1,1,BAC_com_209,"Abi2DF:Abi2DF,AbiE:AbiE,CRISPR-Cas:CAS_Class1-I-C,CRISPR-Cas:CAS_Class1-IV,DRT:DRT_other,Gabija:Gabija,Mokosh:Mokosh_II,Other:DMS_other,Other:PDC-S04,Other:PDC-S07,Other:PDC-S13,Other:PDC-S14,Other:PDC-S35,PD-T4-6:PD-T4-6,RM:RM_I,RM:RM_II,RM:RM_IIG,RM:RM_III,RM:RM_IV,SoFIC:SoFIC,Thoeris:Theoris_other,Uzume:Uzume,tmn:tmn-beta,type_unresolved:subtype_unresolved",0
PRO_com_609,1,1,1,BAC_com_212,"AbiE:AbiE,CRISPR-Cas:CAS_Class1-I-C,CRISPR-Cas:CAS_Class1-IV,DRT:DRT_other,Gabija:Gabija,Other:DMS_other,Other:PDC-S02,Other:PDC-S04,Other:PDC-S05,Other:PDC-S07,Other:PDC-S13,Other:PDC-S14,Other:PDC-S32,Other:PDC-S35,Other:PDC-S50,Other:PDC-S73,PD-T4-6:PD-T4-6,Paris:Paris,RM:RM_I,RM:RM_II,RM:RM_IIG,RM:RM_IV,SoFIC:SoFIC,Thoeris:Theoris_other,tmn:tmn-beta",0
PRO_com_61,1,1,1,BAC_com_25,"Abi2DF:Abi2DF,CRISPR-Cas:CAS_Class1-IV,CRISPR-Cas:CAS_Class2_II-A,CRISPR-Cas:subtype_unresolved,DRT:DRT_other,Gabija:Gabija,Lamassu:Lamassu,Other:DMS_other,Other:HEC-06,Other:PDC-S04,Other:PDC-S05,Other:PDC-S07,PD-Lambda-1:PD-Lambda-1,PD-T4-6:PD-T4-6,RM:RM_II,RM:RM_IIG,RM:RM_III,RM:RM_IV,Retron:Retron_I_C,RosmerTA:RosmerTA,Thoeris:Theoris_other,type_unresolved:subtype_unresolved",0
PRO_com_610,1,1,1,BAC_com_213,"Abi2DF:Abi2DF,AbiE:AbiE,CRISPR-Cas:CAS_Class1-I-C,CRISPR-Cas:CAS_Class1-IV,DRT:DRT_other,Gabija:Gabija,Hachiman:Hachiman_I,Other:DMS_other,Other:PDC-M12,Other:PDC-M67,Other:PDC-S02,Other:PDC-S04,Other:PDC-S05,Other:PDC-S07,Other:PDC-S32,Other:PDC-S35,PD-T4-6:PD-T4-6,Paris:Paris,RM:RM_I,RM:RM_II,RM:RM_IIG,RM:RM_IV,RosmerTA:RosmerTA,SoFIC:SoFIC,Thoeris:Theoris_other,type_unresolved:subtype_unresolved",0
PRO_com_611,1,1,1,BAC_com_213,"Abi2DF:Abi2DF,AbiE:AbiE,CRISPR-Cas:CAS_Class1-I-C,CRISPR-Cas:CAS_Class1-IV,DRT:DRT_other,Gabija:Gabija,Hachiman:Hachiman_I,Other:DMS_other,Other:PDC-M12,Other:PDC-M67,Other:PDC-S02,Other:PDC-S04,Other:PDC-S05,Other:PDC-S07,Other:PDC-S32,Other:PDC-S35,PD-T4-6:PD-T4-6,Paris:Paris,RM:RM_I,RM:RM_II,RM:RM_IIG,RM:RM_IV,RosmerTA:RosmerTA,SoFIC:SoFIC,Thoeris:Theoris_other,type_unresolved:subtype_unresolved",0
PRO_com_612,1,1,1,BAC_com_213,"Abi2DF:Abi2DF,AbiE:AbiE,CRISPR-Cas:CAS_Class1-I-C,CRISPR-Cas:CAS_Class1-IV,DRT:DRT_other,Gabija:Gabija,Hachiman:Hachiman_I,Other:DMS_other,Other:PDC-M12,Other:PDC-M67,Other:PDC-S02,Other:PDC-S04,Other:PDC-S05,Other:PDC-S07,Other:PDC-S32,Other:PDC-S35,PD-T4-6:PD-T4-6,Paris:Paris,RM:RM_I,RM:RM_II,RM:RM_IIG,RM:RM_IV,RosmerTA:RosmerTA,SoFIC:SoFIC,Thoeris:Theoris_other,type_unresolved:subtype_unresolved",0
PRO_com_613,1,1,1,BAC_com_30,"AbiE:AbiE,AbiH:AbiH,CRISPR-Cas:CAS_Class1-IV,DRT:DRT_other,Gabija:Gabija,Hachiman:Hachiman_I,Mokosh:Mokosh_II,Other:DMS_other,Other:PDC-S04,Other:PDC-S07,Other:PDC-S14,Other:PDC-S35,Other:PDC-S50,PD-T4-6:PD-T4-6,RM:RM_I,RM:RM_II,RM:RM_IIG,RM:RM_III,SoFIC:SoFIC,Thoeris:Theoris_other,tmn:tmn-beta",0
PRO_com_614,1,1,1,BAC_com_30,"AbiE:AbiE,AbiH:AbiH,CRISPR-Cas:CAS_Class1-IV,DRT:DRT_other,Gabija:Gabija,Hachiman:Hachiman_I,Mokosh:Mokosh_II,Other:DMS_other,Other:PDC-S04,Other:PDC-S07,Other:PDC-S14,Other:PDC-S35,Other:PDC-S50,PD-T4-6:PD-T4-6,RM:RM_I,RM:RM_II,RM:RM_IIG,RM:RM_III,SoFIC:SoFIC,Thoeris:Theoris_other,tmn:tmn-beta",0
PRO_com_615,1,1,1,BAC_com_48,"Abi2DF:Abi2DF,AbiE:AbiE,AbiH:AbiH,AbiN:AbiN,CRISPR-Cas:CAS_Class1-IV,DRT:DRT_other,Gabija:Gabija,MazEF:MazEF,Other:DMS_other,Other:PDC-M11,Other:PDC-S04,Other:PDC-S07,Other:PDC-S30,Other:PDC-S32,PD-T4-6:PD-T4-6,PD-T4-9:PD-T4-9,RM:RM_I,RM:RM_II,RM:RM_IIG,RM:RM_III,RM:RM_IV,RnlAB:RnlAB,SoFIC:SoFIC,Thoeris:Theoris_other,type_unresolved:subtype_unresolved",0
PRO_com_68,1,1,1,BAC_com_27,"AbiG:AbiG,AbiH:AbiH,CRISPR-Cas:CAS_Class1-IV,CRISPR-Cas:CAS_Class2_II-A,CRISPR-Cas:subtype_unresolved,DRT:DRT_other,DRT:subtype_unresolved,Gabija:Gabija,Gao_Ppl:Gao_Ppl,Lamassu:Lamassu,Mokosh:Mokosh_II,Other:DMS_other,Other:PDC-M24,Other:PDC-S05,Other:PDC-S07,PD-T4-6:PD-T4-6,Paris:Paris,RM:RM_II,RM:RM_III,RM:RM_IV,Retron:Retron_I_C,Septu:Septu_I,Thoeris:Theoris_other,Thoeris:Thoeris_I",0
PRO_com_72,1,1,1,BAC_com_7,"Abi2DF:Abi2DF,AbiE:AbiE,CRISPR-Cas:CAS_Class1-IV,DRT:DRT_other,Gabija:Gabija,Other:DMS_other,Other:PDC-S02,Other:PDC-S07,Other:PDC-S30,PD-T4-6:PD-T4-6,RM:RM_I,RM:RM_II,RM:RM_IV,Septu:Septu_other,Thoeris:Theoris_other",0
PRO_com_75,1,1,1,BAC_com_26,"Abi2DF:Abi2DF,AbiE:AbiE,CRISPR-Cas:CAS_Class1-IV,DRT:DRT_other,Gabija:Gabija,Hachiman:Hachiman_I,Menshen:Menshen,Ogmios:Ogmios,Other:DMS_other,Other:PDC-S04,Other:PDC-S05,Other:PDC-S07,Other:PDC-S15,Other:PDC-S73,PD-T4-6:PD-T4-6,RM:RM_I,RM:RM_II,RM:RM_III,RM:RM_IV,SoFIC:SoFIC,Thoeris:Theoris_other",0
PRO_com_76,1,1,1,BAC_com_32,"AbiE:AbiE,AbiH:AbiH,CRISPR-Cas:CAS_Class1-IV,DRT:DRT_other,Gabija:Gabija,Hachiman:Hachiman_I,Other:DMS_other,Other:PDC-M24,Other:PDC-M46,Other:PDC-M62,Other:PDC-S04,Other:PDC-S05,Other:PDC-S07,Other:PDC-S15,Other:PDC-S56,PD-T4-6:PD-T4-6,RM:RM_II,RM:RM_IIG,RM:RM_III,RM:RM_IV,Septu:Septu_other,Thoeris:Theoris_other",0
PRO_com_77,1,1,1,BAC_com_33,"Abi2DF:Abi2DF,AbiH:AbiH,CBASS:CBASS_I,CRISPR-Cas:CAS_Class1-IV,DRT:DRT_other,Gabija:Gabija,Other:DMS_other,Other:PDC-M24,Other:PDC-S02,Other:PDC-S04,Other:PDC-S07,PD-T4-6:PD-T4-6,Paris:Paris,RM:RM_II,RM:RM_III,RM:RM_IV,Retron:Retron_III,Thoeris:Theoris_other,Thoeris:Thoeris_I",0
PRO_com_79,1,1,1,BAC_com_33,"Abi2DF:Abi2DF,AbiH:AbiH,CBASS:CBASS_I,CRISPR-Cas:CAS_Class1-IV,DRT:DRT_other,Gabija:Gabija,Other:DMS_other,Other:PDC-M24,Other:PDC-S02,Other:PDC-S04,Other:PDC-S07,PD-T4-6:PD-T4-6,Paris:Paris,RM:RM_II,RM:RM_III,RM:RM_IV,Retron:Retron_III,Thoeris:Theoris_other,Thoeris:Thoeris_I",0
PRO_com_85,1,1,1,BAC_com_26,"AbiE:AbiE,CRISPR-Cas:CAS_Class1-IV,DRT:DRT_other,Gabija:Gabija,Hachiman:Hachiman_I,Lamassu:Lamassu,Other:DMS_other,Other:PDC-S04,Other:PDC-S07,Other:PDC-S15,PD-T4-6:PD-T4-6,RM:RM_I,RM:RM_II,RM:RM_III,RM:RM_IV,Septu:Septu_I,SoFIC:SoFIC,Thoeris:Theoris_other",0
PRO_com_88,1,1,1,BAC_com_29,"Abi2DF:Abi2DF,AbiE:AbiE,AbiH:AbiH,Belisama:Belisama,CRISPR-Cas:CAS_Class1-I-C,CRISPR-Cas:CAS_Class1-IV,DRT:DRT_other,Gabija:Gabija,Mokosh:Mokosh_II,Other:DMS_other,Other:PDC-S02,Other:PDC-S04,Other:PDC-S05,Other:PDC-S07,Other:PDC-S13,Other:PDC-S14,Other:PDC-S16,Other:PDC-S30,PD-T4-6:PD-T4-6,Paris:Paris,RM:RM_I,RM:RM_II,RM:RM_IIG,RM:RM_III,RM:RM_IV,SoFIC:SoFIC,Thoeris:Theoris_other,Uzume:Uzume,tmn:tmn-beta,type_unresolved:subtype_unresolved",0
PRO_com_89,1,1,1,BAC_com_35,"AbiE:AbiE,CRISPR-Cas:CAS_Class1-I-C,CRISPR-Cas:CAS_Class1-IV,DRT:DRT_other,Gabija:Gabija,Other:DMS_other,Other:PDC-S04,Other:PDC-S05,Other:PDC-S07,Other:PDC-S13,Other:PDC-S14,Other:PDC-S30,PD-T4-6:PD-T4-6,PD-T4-9:PD-T4-9,Paris:Paris,RM:RM_I,RM:RM_II,RM:RM_IIG,RM:RM_III,RM:RM_IV,SoFIC:SoFIC,Thoeris:Theoris_other,Thoeris:Thoeris_I,type_unresolved:subtype_unresolved",0
PRO_com_9,1,1,1,BAC_com_4,"AbiE:AbiE,AbiG:AbiG,AbiQ:AbiQ,AbiR:AbiR,CRISPR-Cas:CAS_Class1-I-C,CRISPR-Cas:CAS_Class1-IV,DRT:DRT_other,Gabija:Gabija,Lamassu:Lamassu,Mokosh:Mokosh_II,Other:DMS_other,Other:PDC-S04,Other:PDC-S05,Other:PDC-S07,Other:PDC-S14,Other:PDC-S30,PD-T4-6:PD-T4-6,RM:RM_I,RM:RM_II,RM:RM_IIG,RM:RM_III,RM:RM_IV,SoFIC:SoFIC,Thoeris:Theoris_other,Thoeris:Thoeris_I,Uzume:Uzume,type_unresolved:subtype_unresolved",0
PRO_com_93,1,1,1,BAC_com_39,"AbiE:AbiE,CRISPR-Cas:CAS_Class1-IV,DRT:DRT_other,Gabija:Gabija,Other:DMS_other,Other:PDC-S04,Other:PDC-S07,PD-T4-6:PD-T4-6,Paris:Paris,RM:RM_I,RM:RM_II,RM:RM_IIG,RM:RM_IV,SoFIC:SoFIC,Thoeris:Theoris_other,tmn:tmn-beta,type_unresolved:subtype_unresolved",0
PRO_com_95,1,1,1,BAC_com_39,"AbiE:AbiE,CRISPR-Cas:CAS_Class1-IV,DRT:DRT_other,Gabija:Gabija,Other:DMS_other,Other:PDC-S04,Other:PDC-S07,PD-T4-6:PD-T4-6,Paris:Paris,RM:RM_I,RM:RM_II,RM:RM_IIG,RM:RM_IV,SoFIC:SoFIC,Thoeris:Theoris_other,tmn:tmn-beta,type_unresolved:subtype_unresolved",0
PRO_com_96,1,1,1,BAC_com_30,"AbiE:AbiE,AbiH:AbiH,CRISPR-Cas:CAS_Class1-I-C,CRISPR-Cas:CAS_Class1-IV,DRT:DRT_other,Gabija:Gabija,Hachiman:Hachiman_I,Other:DMS_other,Other:PDC-S04,Other:PDC-S07,Other:PDC-S16,Other:PDC-S35,PD-T4-6:PD-T4-6,RM:RM_I,RM:RM_II,RM:RM_IIG,SoFIC:SoFIC,Thoeris:Theoris_other,tmn:tmn-beta",0
PRO_com_97,1,1,1,BAC_com_30,"AbiE:AbiE,AbiH:AbiH,CRISPR-Cas:CAS_Class1-I-C,CRISPR-Cas:CAS_Class1-IV,DRT:DRT_other,Gabija:Gabija,Hachiman:Hachiman_I,Other:DMS_other,Other:PDC-S04,Other:PDC-S07,Other:PDC-S16,Other:PDC-S35,PD-T4-6:PD-T4-6,RM:RM_I,RM:RM_II,RM:RM_IIG,SoFIC:SoFIC,Thoeris:Theoris_other,tmn:tmn-beta",0
PRO_com_98,1,1,1,BAC_com_40,"AbiE:AbiE,AbiH:AbiH,CRISPR-Cas:CAS_Class1-I-C,CRISPR-Cas:CAS_Class1-IV,DRT:DRT_other,Gabija:Gabija,Mokosh:Mokosh_II,Other:DMS_other,Other:PDC-S04,Other:PDC-S05,Other:PDC-S07,Other:PDC-S14,Other:PDC-S32,PD-T4-6:PD-T4-6,RM:RM_I,RM:RM_II,RM:RM_IIG,RM:RM_III,RM:RM_IV,SoFIC:SoFIC,Thoeris:Theoris_other,Thoeris:Thoeris_I,Uzume:Uzume,tmn:tmn-beta",0
